date,station_id,station_name,latitude,longitude,mean_temp_c,surface_temp_c,middle_temp_c,bottom_temp_c,surface_bottom_delta_c
2025-04-01,S1,湾奥（東京港沖）,35.605,139.825,13.16,12.92,13.07,13.5,-0.58
2025-04-01,S2,千葉沖,35.555,139.94,12.96,12.72,12.87,13.3,-0.58
2025-04-01,S3,川崎沖,35.51,139.78,12.71,12.47,12.62,13.05,-0.58
2025-04-01,S4,湾中央,35.43,139.86,12.81,12.57,12.72,13.15,-0.58
2025-04-01,S5,湾口（横須賀沖）,35.32,139.785,12.41,12.17,12.32,12.75,-0.58
2025-04-02,S1,湾奥（東京港沖）,35.605,139.825,12.99,12.82,12.98,13.68,-0.86
2025-04-02,S2,千葉沖,35.555,139.94,12.96,12.62,12.78,13.48,-0.86
2025-04-02,S3,川崎沖,35.51,139.78,12.71,12.37,12.53,13.23,-0.86
2025-04-02,S4,湾中央,35.43,139.86,12.81,12.47,12.63,13.33,-0.86
2025-04-02,S5,湾口（横須賀沖）,35.32,139.785,12.5,12.07,12.23,12.93,-0.86
2025-04-03,S1,湾奥（東京港沖）,35.605,139.825,12.96,12.83,13.01,13.67,-0.84
2025-04-03,S2,千葉沖,35.555,139.94,12.96,12.63,12.81,13.47,-0.84
2025-04-03,S3,川崎沖,35.51,139.78,12.72,12.38,12.56,13.22,-0.84
2025-04-03,S4,湾中央,35.43,139.86,12.82,12.48,12.66,13.32,-0.84
2025-04-03,S5,湾口（横須賀沖）,35.32,139.785,12.47,12.08,12.26,12.92,-0.84
2025-04-04,S1,湾奥（東京港沖）,35.605,139.825,13.17,13.04,13.07,13.63,-0.59
2025-04-04,S2,千葉沖,35.555,139.94,13.05,12.84,12.87,13.43,-0.59
2025-04-04,S3,川崎沖,35.51,139.78,12.8,12.59,12.62,13.18,-0.59
2025-04-04,S4,湾中央,35.43,139.86,12.9,12.69,12.72,13.28,-0.59
2025-04-04,S5,湾口（横須賀沖）,35.32,139.785,12.5,12.29,12.32,12.88,-0.59
2025-04-05,S1,湾奥（東京港沖）,35.605,139.825,13.19,13.2,13.21,13.67,-0.47
2025-04-05,S2,千葉沖,35.555,139.94,13.16,13.0,13.01,13.47,-0.47
2025-04-05,S3,川崎沖,35.51,139.78,12.91,12.75,12.76,13.22,-0.47
2025-04-05,S4,湾中央,35.43,139.86,13.01,12.85,12.86,13.32,-0.47
2025-04-05,S5,湾口（横須賀沖）,35.32,139.785,12.68,12.45,12.46,12.92,-0.47
2025-04-06,S1,湾奥（東京港沖）,35.605,139.825,13.43,13.7,13.43,13.74,-0.04
2025-04-06,S2,千葉沖,35.555,139.94,13.43,13.5,13.23,13.54,-0.04
2025-04-06,S3,川崎沖,35.51,139.78,13.18,13.25,12.98,13.29,-0.04
2025-04-06,S4,湾中央,35.43,139.86,13.28,13.35,13.08,13.39,-0.04
2025-04-06,S5,湾口（横須賀沖）,35.32,139.785,13.13,12.95,12.68,12.99,-0.04
2025-04-07,S1,湾奥（東京港沖）,35.605,139.825,13.79,13.97,13.61,13.84,0.13
2025-04-07,S2,千葉沖,35.555,139.94,13.6,13.77,13.41,13.64,0.13
2025-04-07,S3,川崎沖,35.51,139.78,13.35,13.52,13.16,13.39,0.13
2025-04-07,S4,湾中央,35.43,139.86,13.45,13.62,13.26,13.49,0.13
2025-04-07,S5,湾口（横須賀沖）,35.32,139.785,13.23,13.22,12.86,13.09,0.13
2025-04-08,S1,湾奥（東京港沖）,35.605,139.825,14.02,14.18,13.81,14.06,0.12
2025-04-08,S2,千葉沖,35.555,139.94,13.82,13.98,13.61,13.86,0.12
2025-04-08,S3,川崎沖,35.51,139.78,13.57,13.73,13.36,13.61,0.12
2025-04-08,S4,湾中央,35.43,139.86,13.67,13.83,13.46,13.71,0.12
2025-04-08,S5,湾口（横須賀沖）,35.32,139.785,13.37,13.43,13.06,13.31,0.12
2025-04-09,S1,湾奥（東京港沖）,35.605,139.825,14.31,14.72,14.1,14.1,0.62
2025-04-09,S2,千葉沖,35.555,139.94,14.11,14.52,13.9,13.9,0.62
2025-04-09,S3,川崎沖,35.51,139.78,13.86,14.27,13.65,13.65,0.62
2025-04-09,S4,湾中央,35.43,139.86,13.96,14.37,13.75,13.75,0.62
2025-04-09,S5,湾口（横須賀沖）,35.32,139.785,13.56,13.97,13.35,13.35,0.62
2025-04-10,S1,湾奥（東京港沖）,35.605,139.825,14.51,14.82,14.28,14.44,0.38
2025-04-10,S2,千葉沖,35.555,139.94,14.31,14.62,14.08,14.24,0.38
2025-04-10,S3,川崎沖,35.51,139.78,14.06,14.37,13.83,13.99,0.38
2025-04-10,S4,湾中央,35.43,139.86,14.16,14.47,13.93,14.09,0.38
2025-04-10,S5,湾口（横須賀沖）,35.32,139.785,13.76,14.07,13.53,13.69,0.38
2025-04-11,S1,湾奥（東京港沖）,35.605,139.825,14.63,15.19,14.42,14.27,0.92
2025-04-11,S2,千葉沖,35.555,139.94,14.43,14.99,14.22,14.07,0.92
2025-04-11,S3,川崎沖,35.51,139.78,14.18,14.74,13.97,13.82,0.92
2025-04-11,S4,湾中央,35.43,139.86,14.28,14.84,14.07,13.92,0.92
2025-04-11,S5,湾口（横須賀沖）,35.32,139.785,13.88,14.44,13.67,13.52,0.92
2025-04-12,S1,湾奥（東京港沖）,35.605,139.825,14.76,15.2,14.6,14.47,0.73
2025-04-12,S2,千葉沖,35.555,139.94,14.56,15.0,14.4,14.27,0.73
2025-04-12,S3,川崎沖,35.51,139.78,14.31,14.75,14.15,14.02,0.73
2025-04-12,S4,湾中央,35.43,139.86,14.41,14.85,14.25,14.12,0.73
2025-04-12,S5,湾口（横須賀沖）,35.32,139.785,14.01,14.45,13.85,13.72,0.73
2025-04-13,S1,湾奥（東京港沖）,35.605,139.825,14.75,15.11,14.68,14.46,0.65
2025-04-13,S2,千葉沖,35.555,139.94,14.55,14.91,14.48,14.26,0.65
2025-04-13,S3,川崎沖,35.51,139.78,14.3,14.66,14.23,14.01,0.65
2025-04-13,S4,湾中央,35.43,139.86,14.4,14.76,14.33,14.11,0.65
2025-04-13,S5,湾口（横須賀沖）,35.32,139.785,14.0,14.36,13.93,13.71,0.65
2025-04-14,S1,湾奥（東京港沖）,35.605,139.825,14.83,15.3,14.73,14.47,0.83
2025-04-14,S2,千葉沖,35.555,139.94,14.63,15.1,14.53,14.27,0.83
2025-04-14,S3,川崎沖,35.51,139.78,14.38,14.85,14.28,14.02,0.83
2025-04-14,S4,湾中央,35.43,139.86,14.48,14.95,14.38,14.12,0.83
2025-04-14,S5,湾口（横須賀沖）,35.32,139.785,14.08,14.55,13.98,13.72,0.83
2025-04-15,S1,湾奥（東京港沖）,35.605,139.825,15.08,15.24,15.22,14.8,0.44
2025-04-15,S2,千葉沖,35.555,139.94,14.88,15.04,15.02,14.6,0.44
2025-04-15,S3,川崎沖,35.51,139.78,14.63,14.79,14.77,14.35,0.44
2025-04-15,S4,湾中央,35.43,139.86,14.73,14.89,14.87,14.45,0.44
2025-04-15,S5,湾口（横須賀沖）,35.32,139.785,14.36,14.49,14.47,14.05,0.44
2025-04-16,S1,湾奥（東京港沖）,35.605,139.825,15.12,15.34,15.27,15.05,0.29
2025-04-16,S2,千葉沖,35.555,139.94,15.02,15.14,15.07,14.85,0.29
2025-04-16,S3,川崎沖,35.51,139.78,14.77,14.89,14.82,14.6,0.29
2025-04-16,S4,湾中央,35.43,139.86,14.87,14.99,14.92,14.7,0.29
2025-04-16,S5,湾口（横須賀沖）,35.32,139.785,14.64,14.59,14.52,14.3,0.29
2025-04-17,S1,湾奥（東京港沖）,35.605,139.825,15.38,15.61,15.44,15.19,0.42
2025-04-17,S2,千葉沖,35.555,139.94,15.21,15.41,15.24,14.99,0.42
2025-04-17,S3,川崎沖,35.51,139.78,14.96,15.16,14.99,14.74,0.42
2025-04-17,S4,湾中央,35.43,139.86,15.06,15.26,15.09,14.84,0.42
2025-04-17,S5,湾口（横須賀沖）,35.32,139.785,14.75,14.86,14.69,14.44,0.42
2025-04-18,S1,湾奥（東京港沖）,35.605,139.825,15.69,15.97,15.71,15.38,0.59
2025-04-18,S2,千葉沖,35.555,139.94,15.49,15.77,15.51,15.18,0.59
2025-04-18,S3,川崎沖,35.51,139.78,15.24,15.52,15.26,14.93,0.59
2025-04-18,S4,湾中央,35.43,139.86,15.34,15.62,15.36,15.03,0.59
2025-04-18,S5,湾口（横須賀沖）,35.32,139.785,14.94,15.22,14.96,14.63,0.59
2025-04-19,S1,湾奥（東京港沖）,35.605,139.825,16.05,16.73,15.97,15.45,1.28
2025-04-19,S2,千葉沖,35.555,139.94,15.85,16.53,15.77,15.25,1.28
2025-04-19,S3,川崎沖,35.51,139.78,15.6,16.28,15.52,15.0,1.28
2025-04-19,S4,湾中央,35.43,139.86,15.7,16.38,15.62,15.1,1.28
2025-04-19,S5,湾口（横須賀沖）,35.32,139.785,15.3,15.98,15.22,14.7,1.28
2025-04-20,S1,湾奥（東京港沖）,35.605,139.825,16.14,16.48,16.19,15.74,0.74
2025-04-20,S2,千葉沖,35.555,139.94,15.94,16.28,15.99,15.54,0.74
2025-04-20,S3,川崎沖,35.51,139.78,15.69,16.03,15.74,15.29,0.74
2025-04-20,S4,湾中央,35.43,139.86,15.79,16.13,15.84,15.39,0.74
2025-04-20,S5,湾口（横須賀沖）,35.32,139.785,15.39,15.73,15.44,14.99,0.74
2025-04-21,S1,湾奥（東京港沖）,35.605,139.825,16.65,17.23,16.71,16.01,1.22
2025-04-21,S2,千葉沖,35.555,139.94,16.45,17.03,16.51,15.81,1.22
2025-04-21,S3,川崎沖,35.51,139.78,16.2,16.78,16.26,15.56,1.22
2025-04-21,S4,湾中央,35.43,139.86,16.3,16.88,16.36,15.66,1.22
2025-04-21,S5,湾口（横須賀沖）,35.32,139.785,15.9,16.48,15.96,15.26,1.22
2025-04-22,S1,湾奥（東京港沖）,35.605,139.825,16.6,17.28,16.8,15.73,1.55
2025-04-22,S2,千葉沖,35.555,139.94,16.4,17.08,16.6,15.53,1.55
2025-04-22,S3,川崎沖,35.51,139.78,16.15,16.83,16.35,15.28,1.55
2025-04-22,S4,湾中央,35.43,139.86,16.25,16.93,16.45,15.38,1.55
2025-04-22,S5,湾口（横須賀沖）,35.32,139.785,15.85,16.53,16.05,14.98,1.55
2025-04-23,S1,湾奥（東京港沖）,35.605,139.825,16.67,17.22,16.95,15.85,1.37
2025-04-23,S2,千葉沖,35.555,139.94,16.47,17.02,16.75,15.65,1.37
2025-04-23,S3,川崎沖,35.51,139.78,16.22,16.77,16.5,15.4,1.37
2025-04-23,S4,湾中央,35.43,139.86,16.32,16.87,16.6,15.5,1.37
2025-04-23,S5,湾口（横須賀沖）,35.32,139.785,15.92,16.47,16.2,15.1,1.37
2025-04-24,S1,湾奥（東京港沖）,35.605,139.825,16.98,17.92,17.1,15.94,1.98
2025-04-24,S2,千葉沖,35.555,139.94,16.78,17.72,16.9,15.74,1.98
2025-04-24,S3,川崎沖,35.51,139.78,16.53,17.47,16.65,15.49,1.98
2025-04-24,S4,湾中央,35.43,139.86,16.63,17.57,16.75,15.59,1.98
2025-04-24,S5,湾口（横須賀沖）,35.32,139.785,16.23,17.17,16.35,15.19,1.98
2025-04-25,S1,湾奥（東京港沖）,35.605,139.825,16.99,18.12,17.09,15.76,2.36
2025-04-25,S2,千葉沖,35.555,139.94,16.79,17.92,16.89,15.56,2.36
2025-04-25,S3,川崎沖,35.51,139.78,16.54,17.67,16.64,15.31,2.36
2025-04-25,S4,湾中央,35.43,139.86,16.64,17.77,16.74,15.41,2.36
2025-04-25,S5,湾口（横須賀沖）,35.32,139.785,16.24,17.37,16.34,15.01,2.36
2025-04-26,S1,湾奥（東京港沖）,35.605,139.825,16.85,17.72,16.92,15.89,1.83
2025-04-26,S2,千葉沖,35.555,139.94,16.65,17.52,16.72,15.69,1.83
2025-04-26,S3,川崎沖,35.51,139.78,16.4,17.27,16.47,15.44,1.83
2025-04-26,S4,湾中央,35.43,139.86,16.5,17.37,16.57,15.54,1.83
2025-04-26,S5,湾口（横須賀沖）,35.32,139.785,16.1,16.97,16.17,15.14,1.83
2025-04-27,S1,湾奥（東京港沖）,35.605,139.825,16.86,17.64,16.93,16.01,1.63
2025-04-27,S2,千葉沖,35.555,139.94,16.66,17.44,16.73,15.81,1.63
2025-04-27,S3,川崎沖,35.51,139.78,16.41,17.19,16.48,15.56,1.63
2025-04-27,S4,湾中央,35.43,139.86,16.51,17.29,16.58,15.66,1.63
2025-04-27,S5,湾口（横須賀沖）,35.32,139.785,16.11,16.89,16.18,15.26,1.63
2025-04-28,S1,湾奥（東京港沖）,35.605,139.825,16.95,17.51,17.17,16.16,1.35
2025-04-28,S2,千葉沖,35.555,139.94,16.75,17.31,16.97,15.96,1.35
2025-04-28,S3,川崎沖,35.51,139.78,16.5,17.06,16.72,15.71,1.35
2025-04-28,S4,湾中央,35.43,139.86,16.6,17.16,16.82,15.81,1.35
2025-04-28,S5,湾口（横須賀沖）,35.32,139.785,16.2,16.76,16.42,15.41,1.35
2025-04-29,S1,湾奥（東京港沖）,35.605,139.825,17.06,17.81,17.17,16.21,1.6
2025-04-29,S2,千葉沖,35.555,139.94,16.86,17.61,16.97,16.01,1.6
2025-04-29,S3,川崎沖,35.51,139.78,16.61,17.36,16.72,15.76,1.6
2025-04-29,S4,湾中央,35.43,139.86,16.71,17.46,16.82,15.86,1.6
2025-04-29,S5,湾口（横須賀沖）,35.32,139.785,16.31,17.06,16.42,15.46,1.6
2025-04-30,S1,湾奥（東京港沖）,35.605,139.825,16.98,17.76,16.99,16.2,1.56
2025-04-30,S2,千葉沖,35.555,139.94,16.78,17.56,16.79,16.0,1.56
2025-04-30,S3,川崎沖,35.51,139.78,16.53,17.31,16.54,15.75,1.56
2025-04-30,S4,湾中央,35.43,139.86,16.63,17.41,16.64,15.85,1.56
2025-04-30,S5,湾口（横須賀沖）,35.32,139.785,16.23,17.01,16.24,15.45,1.56
2025-05-01,S1,湾奥（東京港沖）,35.605,139.825,17.19,18.0,17.13,16.45,1.55
2025-05-01,S2,千葉沖,35.555,139.94,16.99,17.8,16.93,16.25,1.55
2025-05-01,S3,川崎沖,35.51,139.78,16.74,17.55,16.68,16.0,1.55
2025-05-01,S4,湾中央,35.43,139.86,16.84,17.65,16.78,16.1,1.55
2025-05-01,S5,湾口（横須賀沖）,35.32,139.785,16.44,17.25,16.38,15.7,1.55
2025-05-02,S1,湾奥（東京港沖）,35.605,139.825,17.27,18.08,17.15,16.57,1.51
2025-05-02,S2,千葉沖,35.555,139.94,17.07,17.88,16.95,16.37,1.51
2025-05-02,S3,川崎沖,35.51,139.78,16.82,17.63,16.7,16.12,1.51
2025-05-02,S4,湾中央,35.43,139.86,16.92,17.73,16.8,16.22,1.51
2025-05-02,S5,湾口（横須賀沖）,35.32,139.785,16.52,17.33,16.4,15.82,1.51
2025-05-03,S1,湾奥（東京港沖）,35.605,139.825,17.01,18.0,17.09,15.95,2.05
2025-05-03,S2,千葉沖,35.555,139.94,16.81,17.8,16.89,15.75,2.05
2025-05-03,S3,川崎沖,35.51,139.78,16.56,17.55,16.64,15.5,2.05
2025-05-03,S4,湾中央,35.43,139.86,16.66,17.65,16.74,15.6,2.05
2025-05-03,S5,湾口（横須賀沖）,35.32,139.785,16.26,17.25,16.34,15.2,2.05
2025-05-04,S1,湾奥（東京港沖）,35.605,139.825,17.43,18.57,17.37,16.34,2.23
2025-05-04,S2,千葉沖,35.555,139.94,17.23,18.37,17.17,16.14,2.23
2025-05-04,S3,川崎沖,35.51,139.78,16.98,18.12,16.92,15.89,2.23
2025-05-04,S4,湾中央,35.43,139.86,17.08,18.22,17.02,15.99,2.23
2025-05-04,S5,湾口（横須賀沖）,35.32,139.785,16.68,17.82,16.62,15.59,2.23
2025-05-05,S1,湾奥（東京港沖）,35.605,139.825,17.68,18.85,17.51,16.68,2.17
2025-05-05,S2,千葉沖,35.555,139.94,17.48,18.65,17.31,16.48,2.17
2025-05-05,S3,川崎沖,35.51,139.78,17.23,18.4,17.06,16.23,2.17
2025-05-05,S4,湾中央,35.43,139.86,17.33,18.5,17.16,16.33,2.17
2025-05-05,S5,湾口（横須賀沖）,35.32,139.785,16.93,18.1,16.76,15.93,2.17
2025-05-06,S1,湾奥（東京港沖）,35.605,139.825,17.46,18.45,17.41,16.51,1.94
2025-05-06,S2,千葉沖,35.555,139.94,17.26,18.25,17.21,16.31,1.94
2025-05-06,S3,川崎沖,35.51,139.78,17.01,18.0,16.96,16.06,1.94
2025-05-06,S4,湾中央,35.43,139.86,17.11,18.1,17.06,16.16,1.94
2025-05-06,S5,湾口（横須賀沖）,35.32,139.785,16.71,17.7,16.66,15.76,1.94
2025-05-07,S1,湾奥（東京港沖）,35.605,139.825,17.02,18.26,16.82,15.99,2.27
2025-05-07,S2,千葉沖,35.555,139.94,16.82,18.06,16.62,15.79,2.27
2025-05-07,S3,川崎沖,35.51,139.78,16.57,17.81,16.37,15.54,2.27
2025-05-07,S4,湾中央,35.43,139.86,16.67,17.91,16.47,15.64,2.27
2025-05-07,S5,湾口（横須賀沖）,35.32,139.785,16.37,17.51,16.07,15.24,2.27
2025-05-08,S1,湾奥（東京港沖）,35.605,139.825,17.19,18.33,16.94,16.28,2.05
2025-05-08,S2,千葉沖,35.555,139.94,16.99,18.13,16.74,16.08,2.05
2025-05-08,S3,川崎沖,35.51,139.78,16.74,17.88,16.49,15.83,2.05
2025-05-08,S4,湾中央,35.43,139.86,16.84,17.98,16.59,15.93,2.05
2025-05-08,S5,湾口（横須賀沖）,35.32,139.785,16.44,17.58,16.19,15.53,2.05
2025-05-09,S1,湾奥（東京港沖）,35.605,139.825,17.29,18.71,17.12,16.05,2.66
2025-05-09,S2,千葉沖,35.555,139.94,17.09,18.51,16.92,15.85,2.66
2025-05-09,S3,川崎沖,35.51,139.78,16.84,18.26,16.67,15.6,2.66
2025-05-09,S4,湾中央,35.43,139.86,16.94,18.36,16.77,15.7,2.66
2025-05-09,S5,湾口（横須賀沖）,35.32,139.785,16.54,17.96,16.37,15.3,2.66
2025-05-10,S1,湾奥（東京港沖）,35.605,139.825,17.55,18.61,17.55,16.49,2.12
2025-05-10,S2,千葉沖,35.555,139.94,17.35,18.41,17.35,16.29,2.12
2025-05-10,S3,川崎沖,35.51,139.78,17.1,18.16,17.1,16.04,2.12
2025-05-10,S4,湾中央,35.43,139.86,17.2,18.26,17.2,16.14,2.12
2025-05-10,S5,湾口（横須賀沖）,35.32,139.785,16.8,17.86,16.8,15.74,2.12
2025-05-11,S1,湾奥（東京港沖）,35.605,139.825,17.9,18.74,18.03,16.93,1.81
2025-05-11,S2,千葉沖,35.555,139.94,17.7,18.54,17.83,16.73,1.81
2025-05-11,S3,川崎沖,35.51,139.78,17.45,18.29,17.58,16.48,1.81
2025-05-11,S4,湾中央,35.43,139.86,17.55,18.39,17.68,16.58,1.81
2025-05-11,S5,湾口（横須賀沖）,35.32,139.785,17.15,17.99,17.28,16.18,1.81
2025-05-12,S1,湾奥（東京港沖）,35.605,139.825,17.94,18.92,17.98,16.91,2.01
2025-05-12,S2,千葉沖,35.555,139.94,17.74,18.72,17.78,16.71,2.01
2025-05-12,S3,川崎沖,35.51,139.78,17.49,18.47,17.53,16.46,2.01
2025-05-12,S4,湾中央,35.43,139.86,17.59,18.57,17.63,16.56,2.01
2025-05-12,S5,湾口（横須賀沖）,35.32,139.785,17.19,18.17,17.23,16.16,2.01
2025-05-13,S1,湾奥（東京港沖）,35.605,139.825,18.02,19.23,17.85,16.97,2.26
2025-05-13,S2,千葉沖,35.555,139.94,17.82,19.03,17.65,16.77,2.26
2025-05-13,S3,川崎沖,35.51,139.78,17.57,18.78,17.4,16.52,2.26
2025-05-13,S4,湾中央,35.43,139.86,17.67,18.88,17.5,16.62,2.26
2025-05-13,S5,湾口（横須賀沖）,35.32,139.785,17.27,18.48,17.1,16.22,2.26
2025-05-14,S1,湾奥（東京港沖）,35.605,139.825,18.19,19.98,17.87,16.73,3.25
2025-05-14,S2,千葉沖,35.555,139.94,17.99,19.78,17.67,16.53,3.25
2025-05-14,S3,川崎沖,35.51,139.78,17.74,19.53,17.42,16.28,3.25
2025-05-14,S4,湾中央,35.43,139.86,17.84,19.63,17.52,16.38,3.25
2025-05-14,S5,湾口（横須賀沖）,35.32,139.785,17.44,19.23,17.12,15.98,3.25
2025-05-15,S1,湾奥（東京港沖）,35.605,139.825,18.34,20.43,17.94,16.65,3.78
2025-05-15,S2,千葉沖,35.555,139.94,18.14,20.23,17.74,16.45,3.78
2025-05-15,S3,川崎沖,35.51,139.78,17.89,19.98,17.49,16.2,3.78
2025-05-15,S4,湾中央,35.43,139.86,17.99,20.08,17.59,16.3,3.78
2025-05-15,S5,湾口（横須賀沖）,35.32,139.785,17.59,19.68,17.19,15.9,3.78
2025-05-16,S1,湾奥（東京港沖）,35.605,139.825,18.49,20.17,18.32,16.98,3.19
2025-05-16,S2,千葉沖,35.555,139.94,18.29,19.97,18.12,16.78,3.19
2025-05-16,S3,川崎沖,35.51,139.78,18.04,19.72,17.87,16.53,3.19
2025-05-16,S4,湾中央,35.43,139.86,18.14,19.82,17.97,16.63,3.19
2025-05-16,S5,湾口（横須賀沖）,35.32,139.785,17.74,19.42,17.57,16.23,3.19
2025-05-17,S1,湾奥（東京港沖）,35.605,139.825,18.69,19.66,18.8,17.62,2.04
2025-05-17,S2,千葉沖,35.555,139.94,18.49,19.46,18.6,17.42,2.04
2025-05-17,S3,川崎沖,35.51,139.78,18.24,19.21,18.35,17.17,2.04
2025-05-17,S4,湾中央,35.43,139.86,18.34,19.31,18.45,17.27,2.04
2025-05-17,S5,湾口（横須賀沖）,35.32,139.785,17.94,18.91,18.05,16.87,2.04
2025-05-18,S1,湾奥（東京港沖）,35.605,139.825,19.17,19.62,19.4,18.5,1.12
2025-05-18,S2,千葉沖,35.555,139.94,18.97,19.42,19.2,18.3,1.12
2025-05-18,S3,川崎沖,35.51,139.78,18.72,19.17,18.95,18.05,1.12
2025-05-18,S4,湾中央,35.43,139.86,18.82,19.27,19.05,18.15,1.12
2025-05-18,S5,湾口（横須賀沖）,35.32,139.785,18.42,18.87,18.65,17.75,1.12
2025-05-19,S1,湾奥（東京港沖）,35.605,139.825,19.21,19.95,19.28,18.38,1.57
2025-05-19,S2,千葉沖,35.555,139.94,19.01,19.75,19.08,18.18,1.57
2025-05-19,S3,川崎沖,35.51,139.78,18.76,19.5,18.83,17.93,1.57
2025-05-19,S4,湾中央,35.43,139.86,18.86,19.6,18.93,18.03,1.57
2025-05-19,S5,湾口（横須賀沖）,35.32,139.785,18.46,19.2,18.53,17.63,1.57
2025-05-20,S1,湾奥（東京港沖）,35.605,139.825,19.22,20.24,19.34,18.08,2.16
2025-05-20,S2,千葉沖,35.555,139.94,19.02,20.04,19.14,17.88,2.16
2025-05-20,S3,川崎沖,35.51,139.78,18.77,19.79,18.89,17.63,2.16
2025-05-20,S4,湾中央,35.43,139.86,18.87,19.89,18.99,17.73,2.16
2025-05-20,S5,湾口（横須賀沖）,35.32,139.785,18.47,19.49,18.59,17.33,2.16
2025-05-21,S1,湾奥（東京港沖）,35.605,139.825,19.74,20.83,19.62,18.78,2.05
2025-05-21,S2,千葉沖,35.555,139.94,19.54,20.63,19.42,18.58,2.05
2025-05-21,S3,川崎沖,35.51,139.78,19.29,20.38,19.17,18.33,2.05
2025-05-21,S4,湾中央,35.43,139.86,19.39,20.48,19.27,18.43,2.05
2025-05-21,S5,湾口（横須賀沖）,35.32,139.785,18.99,20.08,18.87,18.03,2.05
2025-05-22,S1,湾奥（東京港沖）,35.605,139.825,19.98,21.13,19.99,18.82,2.31
2025-05-22,S2,千葉沖,35.555,139.94,19.78,20.93,19.79,18.62,2.31
2025-05-22,S3,川崎沖,35.51,139.78,19.53,20.68,19.54,18.37,2.31
2025-05-22,S4,湾中央,35.43,139.86,19.63,20.78,19.64,18.47,2.31
2025-05-22,S5,湾口（横須賀沖）,35.32,139.785,19.23,20.38,19.24,18.07,2.31
2025-05-23,S1,湾奥（東京港沖）,35.605,139.825,19.69,20.81,19.97,18.29,2.52
2025-05-23,S2,千葉沖,35.555,139.94,19.49,20.61,19.77,18.09,2.52
2025-05-23,S3,川崎沖,35.51,139.78,19.24,20.36,19.52,17.84,2.52
2025-05-23,S4,湾中央,35.43,139.86,19.34,20.46,19.62,17.94,2.52
2025-05-23,S5,湾口（横須賀沖）,35.32,139.785,18.94,20.06,19.22,17.54,2.52
2025-05-24,S1,湾奥（東京港沖）,35.605,139.825,19.18,20.38,19.38,17.81,2.57
2025-05-24,S2,千葉沖,35.555,139.94,18.98,20.18,19.18,17.61,2.57
2025-05-24,S3,川崎沖,35.51,139.78,18.73,19.93,18.93,17.36,2.57
2025-05-24,S4,湾中央,35.43,139.86,18.83,20.03,19.03,17.46,2.57
2025-05-24,S5,湾口（横須賀沖）,35.32,139.785,18.43,19.63,18.63,17.06,2.57
2025-05-25,S1,湾奥（東京港沖）,35.605,139.825,18.79,20.17,18.82,17.38,2.79
2025-05-25,S2,千葉沖,35.555,139.94,18.59,19.97,18.62,17.18,2.79
2025-05-25,S3,川崎沖,35.51,139.78,18.34,19.72,18.37,16.93,2.79
2025-05-25,S4,湾中央,35.43,139.86,18.44,19.82,18.47,17.03,2.79
2025-05-25,S5,湾口（横須賀沖）,35.32,139.785,18.04,19.42,18.07,16.63,2.79
2025-05-26,S1,湾奥（東京港沖）,35.605,139.825,18.94,20.06,18.89,17.87,2.19
2025-05-26,S2,千葉沖,35.555,139.94,18.74,19.86,18.69,17.67,2.19
2025-05-26,S3,川崎沖,35.51,139.78,18.49,19.61,18.44,17.42,2.19
2025-05-26,S4,湾中央,35.43,139.86,18.59,19.71,18.54,17.52,2.19
2025-05-26,S5,湾口（横須賀沖）,35.32,139.785,18.19,19.31,18.14,17.12,2.19
2025-05-27,S1,湾奥（東京港沖）,35.605,139.825,18.75,19.75,18.69,17.81,1.94
2025-05-27,S2,千葉沖,35.555,139.94,18.55,19.55,18.49,17.61,1.94
2025-05-27,S3,川崎沖,35.51,139.78,18.3,19.3,18.24,17.36,1.94
2025-05-27,S4,湾中央,35.43,139.86,18.4,19.4,18.34,17.46,1.94
2025-05-27,S5,湾口（横須賀沖）,35.32,139.785,18.0,19.0,17.94,17.06,1.94
2025-05-28,S1,湾奥（東京港沖）,35.605,139.825,18.73,19.76,18.65,17.77,1.99
2025-05-28,S2,千葉沖,35.555,139.94,18.53,19.56,18.45,17.57,1.99
2025-05-28,S3,川崎沖,35.51,139.78,18.28,19.31,18.2,17.32,1.99
2025-05-28,S4,湾中央,35.43,139.86,18.38,19.41,18.3,17.42,1.99
2025-05-28,S5,湾口（横須賀沖）,35.32,139.785,17.98,19.01,17.9,17.02,1.99
2025-05-29,S1,湾奥（東京港沖）,35.605,139.825,18.82,20.05,18.69,17.73,2.32
2025-05-29,S2,千葉沖,35.555,139.94,18.62,19.85,18.49,17.53,2.32
2025-05-29,S3,川崎沖,35.51,139.78,18.37,19.6,18.24,17.28,2.32
2025-05-29,S4,湾中央,35.43,139.86,18.47,19.7,18.34,17.38,2.32
2025-05-29,S5,湾口（横須賀沖）,35.32,139.785,18.07,19.3,17.94,16.98,2.32
2025-05-30,S1,湾奥（東京港沖）,35.605,139.825,18.55,19.32,18.59,17.74,1.58
2025-05-30,S2,千葉沖,35.555,139.94,18.35,19.12,18.39,17.54,1.58
2025-05-30,S3,川崎沖,35.51,139.78,18.1,18.87,18.14,17.29,1.58
2025-05-30,S4,湾中央,35.43,139.86,18.2,18.97,18.24,17.39,1.58
2025-05-30,S5,湾口（横須賀沖）,35.32,139.785,17.8,18.57,17.84,16.99,1.58
2025-05-31,S1,湾奥（東京港沖）,35.605,139.825,17.98,18.21,18.09,17.65,0.56
2025-05-31,S2,千葉沖,35.555,139.94,17.78,18.01,17.89,17.45,0.56
2025-05-31,S3,川崎沖,35.51,139.78,17.53,17.76,17.64,17.2,0.56
2025-05-31,S4,湾中央,35.43,139.86,17.63,17.86,17.74,17.3,0.56
2025-05-31,S5,湾口（横須賀沖）,35.32,139.785,17.23,17.46,17.34,16.9,0.56
2025-06-01,S1,湾奥（東京港沖）,35.605,139.825,18.08,18.53,18.0,17.69,0.84
2025-06-01,S2,千葉沖,35.555,139.94,17.88,18.33,17.8,17.49,0.84
2025-06-01,S3,川崎沖,35.51,139.78,17.63,18.08,17.55,17.24,0.84
2025-06-01,S4,湾中央,35.43,139.86,17.73,18.18,17.65,17.34,0.84
2025-06-01,S5,湾口（横須賀沖）,35.32,139.785,17.33,17.78,17.25,16.94,0.84
2025-06-02,S1,湾奥（東京港沖）,35.605,139.825,18.5,19.23,18.4,17.86,1.37
2025-06-02,S2,千葉沖,35.555,139.94,18.3,19.03,18.2,17.66,1.37
2025-06-02,S3,川崎沖,35.51,139.78,18.05,18.78,17.95,17.41,1.37
2025-06-02,S4,湾中央,35.43,139.86,18.15,18.88,18.05,17.51,1.37
2025-06-02,S5,湾口（横須賀沖）,35.32,139.785,17.8,18.48,17.65,17.11,1.37
2025-06-03,S1,湾奥（東京港沖）,35.605,139.825,18.79,19.55,18.74,18.08,1.47
2025-06-03,S2,千葉沖,35.555,139.94,18.59,19.35,18.54,17.88,1.47
2025-06-03,S3,川崎沖,35.51,139.78,18.34,19.1,18.29,17.63,1.47
2025-06-03,S4,湾中央,35.43,139.86,18.44,19.2,18.39,17.73,1.47
2025-06-03,S5,湾口（横須賀沖）,35.32,139.785,18.04,18.8,17.99,17.33,1.47
2025-06-04,S1,湾奥（東京港沖）,35.605,139.825,19.08,20.14,18.87,18.25,1.89
2025-06-04,S2,千葉沖,35.555,139.94,18.88,19.94,18.67,18.05,1.89
2025-06-04,S3,川崎沖,35.51,139.78,18.63,19.69,18.42,17.8,1.89
2025-06-04,S4,湾中央,35.43,139.86,18.73,19.79,18.52,17.9,1.89
2025-06-04,S5,湾口（横須賀沖）,35.32,139.785,18.33,19.39,18.12,17.5,1.89
2025-06-05,S1,湾奥（東京港沖）,35.605,139.825,19.53,20.99,19.15,18.44,2.55
2025-06-05,S2,千葉沖,35.555,139.94,19.33,20.79,18.95,18.24,2.55
2025-06-05,S3,川崎沖,35.51,139.78,19.08,20.54,18.7,17.99,2.55
2025-06-05,S4,湾中央,35.43,139.86,19.18,20.64,18.8,18.09,2.55
2025-06-05,S5,湾口（横須賀沖）,35.32,139.785,18.78,20.24,18.4,17.69,2.55
2025-06-06,S1,湾奥（東京港沖）,35.605,139.825,19.94,21.08,19.84,18.91,2.17
2025-06-06,S2,千葉沖,35.555,139.94,19.74,20.88,19.64,18.71,2.17
2025-06-06,S3,川崎沖,35.51,139.78,19.49,20.63,19.39,18.46,2.17
2025-06-06,S4,湾中央,35.43,139.86,19.59,20.73,19.49,18.56,2.17
2025-06-06,S5,湾口（横須賀沖）,35.32,139.785,19.19,20.33,19.09,18.16,2.17
2025-06-07,S1,湾奥（東京港沖）,35.605,139.825,20.44,21.26,20.82,19.25,2.01
2025-06-07,S2,千葉沖,35.555,139.94,20.24,21.06,20.62,19.05,2.01
2025-06-07,S3,川崎沖,35.51,139.78,19.99,20.81,20.37,18.8,2.01
2025-06-07,S4,湾中央,35.43,139.86,20.09,20.91,20.47,18.9,2.01
2025-06-07,S5,湾口（横須賀沖）,35.32,139.785,19.69,20.51,20.07,18.5,2.01
2025-06-08,S1,湾奥（東京港沖）,35.605,139.825,20.65,21.62,21.02,19.32,2.3
2025-06-08,S2,千葉沖,35.555,139.94,20.45,21.42,20.82,19.12,2.3
2025-06-08,S3,川崎沖,35.51,139.78,20.2,21.17,20.57,18.87,2.3
2025-06-08,S4,湾中央,35.43,139.86,20.3,21.27,20.67,18.97,2.3
2025-06-08,S5,湾口（横須賀沖）,35.32,139.785,19.9,20.87,20.27,18.57,2.3
2025-06-09,S1,湾奥（東京港沖）,35.605,139.825,20.64,21.66,20.97,19.28,2.38
2025-06-09,S2,千葉沖,35.555,139.94,20.44,21.46,20.77,19.08,2.38
2025-06-09,S3,川崎沖,35.51,139.78,20.19,21.21,20.52,18.83,2.38
2025-06-09,S4,湾中央,35.43,139.86,20.29,21.31,20.62,18.93,2.38
2025-06-09,S5,湾口（横須賀沖）,35.32,139.785,19.89,20.91,20.22,18.53,2.38
2025-06-10,S1,湾奥（東京港沖）,35.605,139.825,20.65,21.89,20.74,19.32,2.57
2025-06-10,S2,千葉沖,35.555,139.94,20.45,21.69,20.54,19.12,2.57
2025-06-10,S3,川崎沖,35.51,139.78,20.2,21.44,20.29,18.87,2.57
2025-06-10,S4,湾中央,35.43,139.86,20.3,21.54,20.39,18.97,2.57
2025-06-10,S5,湾口（横須賀沖）,35.32,139.785,19.9,21.14,19.99,18.57,2.57
2025-06-11,S1,湾奥（東京港沖）,35.605,139.825,20.66,21.56,20.81,19.6,1.96
2025-06-11,S2,千葉沖,35.555,139.94,20.46,21.36,20.61,19.4,1.96
2025-06-11,S3,川崎沖,35.51,139.78,20.21,21.11,20.36,19.15,1.96
2025-06-11,S4,湾中央,35.43,139.86,20.31,21.21,20.46,19.25,1.96
2025-06-11,S5,湾口（横須賀沖）,35.32,139.785,19.91,20.81,20.06,18.85,1.96
2025-06-12,S1,湾奥（東京港沖）,35.605,139.825,20.61,21.92,20.58,19.33,2.59
2025-06-12,S2,千葉沖,35.555,139.94,20.41,21.72,20.38,19.13,2.59
2025-06-12,S3,川崎沖,35.51,139.78,20.16,21.47,20.13,18.88,2.59
2025-06-12,S4,湾中央,35.43,139.86,20.26,21.57,20.23,18.98,2.59
2025-06-12,S5,湾口（横須賀沖）,35.32,139.785,19.86,21.17,19.83,18.58,2.59
2025-06-13,S1,湾奥（東京港沖）,35.605,139.825,20.8,22.44,20.59,19.36,3.08
2025-06-13,S2,千葉沖,35.555,139.94,20.6,22.24,20.39,19.16,3.08
2025-06-13,S3,川崎沖,35.51,139.78,20.35,21.99,20.14,18.91,3.08
2025-06-13,S4,湾中央,35.43,139.86,20.45,22.09,20.24,19.01,3.08
2025-06-13,S5,湾口（横須賀沖）,35.32,139.785,20.05,21.69,19.84,18.61,3.08
2025-06-14,S1,湾奥（東京港沖）,35.605,139.825,20.84,22.56,20.62,19.34,3.22
2025-06-14,S2,千葉沖,35.555,139.94,20.64,22.36,20.42,19.14,3.22
2025-06-14,S3,川崎沖,35.51,139.78,20.39,22.11,20.17,18.89,3.22
2025-06-14,S4,湾中央,35.43,139.86,20.49,22.21,20.27,18.99,3.22
2025-06-14,S5,湾口（横須賀沖）,35.32,139.785,20.09,21.81,19.87,18.59,3.22
2025-06-15,S1,湾奥（東京港沖）,35.605,139.825,21.3,22.21,21.5,20.21,2.0
2025-06-15,S2,千葉沖,35.555,139.94,21.1,22.01,21.3,20.01,2.0
2025-06-15,S3,川崎沖,35.51,139.78,20.85,21.76,21.05,19.76,2.0
2025-06-15,S4,湾中央,35.43,139.86,20.95,21.86,21.15,19.86,2.0
2025-06-15,S5,湾口（横須賀沖）,35.32,139.785,20.55,21.46,20.75,19.46,2.0
2025-06-16,S1,湾奥（東京港沖）,35.605,139.825,21.54,23.23,21.49,19.91,3.32
2025-06-16,S2,千葉沖,35.555,139.94,21.34,23.03,21.29,19.71,3.32
2025-06-16,S3,川崎沖,35.51,139.78,21.09,22.78,21.04,19.46,3.32
2025-06-16,S4,湾中央,35.43,139.86,21.19,22.88,21.14,19.56,3.32
2025-06-16,S5,湾口（横須賀沖）,35.32,139.785,20.79,22.48,20.74,19.16,3.32
2025-06-17,S1,湾奥（東京港沖）,35.605,139.825,21.82,23.88,21.51,20.06,3.82
2025-06-17,S2,千葉沖,35.555,139.94,21.62,23.68,21.31,19.86,3.82
2025-06-17,S3,川崎沖,35.51,139.78,21.37,23.43,21.06,19.61,3.82
2025-06-17,S4,湾中央,35.43,139.86,21.47,23.53,21.16,19.71,3.82
2025-06-17,S5,湾口（横須賀沖）,35.32,139.785,21.07,23.13,20.76,19.31,3.82
2025-06-18,S1,湾奥（東京港沖）,35.605,139.825,22.38,25.26,21.76,20.1,5.16
2025-06-18,S2,千葉沖,35.555,139.94,22.18,25.06,21.56,19.9,5.16
2025-06-18,S3,川崎沖,35.51,139.78,21.93,24.81,21.31,19.65,5.16
2025-06-18,S4,湾中央,35.43,139.86,22.03,24.91,21.41,19.75,5.16
2025-06-18,S5,湾口（横須賀沖）,35.32,139.785,21.63,24.51,21.01,19.35,5.16
2025-06-19,S1,湾奥（東京港沖）,35.605,139.825,22.44,25.87,21.65,19.79,6.08
2025-06-19,S2,千葉沖,35.555,139.94,22.24,25.67,21.45,19.59,6.08
2025-06-19,S3,川崎沖,35.51,139.78,21.99,25.42,21.2,19.34,6.08
2025-06-19,S4,湾中央,35.43,139.86,22.09,25.52,21.3,19.44,6.08
2025-06-19,S5,湾口（横須賀沖）,35.32,139.785,21.69,25.12,20.9,19.04,6.08
2025-06-20,S1,湾奥（東京港沖）,35.605,139.825,22.68,26.72,21.65,19.67,7.05
2025-06-20,S2,千葉沖,35.555,139.94,22.48,26.52,21.45,19.47,7.05
2025-06-20,S3,川崎沖,35.51,139.78,22.23,26.27,21.2,19.22,7.05
2025-06-20,S4,湾中央,35.43,139.86,22.33,26.37,21.3,19.32,7.05
2025-06-20,S5,湾口（横須賀沖）,35.32,139.785,21.93,25.97,20.9,18.92,7.05
2025-06-21,S1,湾奥（東京港沖）,35.605,139.825,22.69,26.26,21.98,19.83,6.43
2025-06-21,S2,千葉沖,35.555,139.94,22.49,26.06,21.78,19.63,6.43
2025-06-21,S3,川崎沖,35.51,139.78,22.24,25.81,21.53,19.38,6.43
2025-06-21,S4,湾中央,35.43,139.86,22.34,25.91,21.63,19.48,6.43
2025-06-21,S5,湾口（横須賀沖）,35.32,139.785,21.94,25.51,21.23,19.08,6.43
2025-06-22,S1,湾奥（東京港沖）,35.605,139.825,23.19,24.48,23.67,21.41,3.07
2025-06-22,S2,千葉沖,35.555,139.94,22.99,24.28,23.47,21.21,3.07
2025-06-22,S3,川崎沖,35.51,139.78,22.74,24.03,23.22,20.96,3.07
2025-06-22,S4,湾中央,35.43,139.86,22.84,24.13,23.32,21.06,3.07
2025-06-22,S5,湾口（横須賀沖）,35.32,139.785,22.44,23.73,22.92,20.66,3.07
2025-06-23,S1,湾奥（東京港沖）,35.605,139.825,23.81,24.79,24.11,22.52,2.27
2025-06-23,S2,千葉沖,35.555,139.94,23.61,24.59,23.91,22.32,2.27
2025-06-23,S3,川崎沖,35.51,139.78,23.36,24.34,23.66,22.07,2.27
2025-06-23,S4,湾中央,35.43,139.86,23.46,24.44,23.76,22.17,2.27
2025-06-23,S5,湾口（横須賀沖）,35.32,139.785,23.06,24.04,23.36,21.77,2.27
2025-06-24,S1,湾奥（東京港沖）,35.605,139.825,24.14,25.36,24.34,22.73,2.63
2025-06-24,S2,千葉沖,35.555,139.94,23.94,25.16,24.14,22.53,2.63
2025-06-24,S3,川崎沖,35.51,139.78,23.69,24.91,23.89,22.28,2.63
2025-06-24,S4,湾中央,35.43,139.86,23.79,25.01,23.99,22.38,2.63
2025-06-24,S5,湾口（横須賀沖）,35.32,139.785,23.39,24.61,23.59,21.98,2.63
2025-06-25,S1,湾奥（東京港沖）,35.605,139.825,23.87,25.85,24.15,21.59,4.26
2025-06-25,S2,千葉沖,35.555,139.94,23.67,25.65,23.95,21.39,4.26
2025-06-25,S3,川崎沖,35.51,139.78,23.42,25.4,23.7,21.14,4.26
2025-06-25,S4,湾中央,35.43,139.86,23.52,25.5,23.8,21.24,4.26
2025-06-25,S5,湾口（横須賀沖）,35.32,139.785,23.12,25.1,23.4,20.84,4.26
2025-06-26,S1,湾奥（東京港沖）,35.605,139.825,23.79,26.1,23.95,21.33,4.77
2025-06-26,S2,千葉沖,35.555,139.94,23.59,25.9,23.75,21.13,4.77
2025-06-26,S3,川崎沖,35.51,139.78,23.34,25.65,23.5,20.88,4.77
2025-06-26,S4,湾中央,35.43,139.86,23.44,25.75,23.6,20.98,4.77
2025-06-26,S5,湾口（横須賀沖）,35.32,139.785,23.04,25.35,23.2,20.58,4.77
2025-06-27,S1,湾奥（東京港沖）,35.605,139.825,24.11,26.06,24.19,22.06,4.0
2025-06-27,S2,千葉沖,35.555,139.94,23.91,25.86,23.99,21.86,4.0
2025-06-27,S3,川崎沖,35.51,139.78,23.66,25.61,23.74,21.61,4.0
2025-06-27,S4,湾中央,35.43,139.86,23.76,25.71,23.84,21.71,4.0
2025-06-27,S5,湾口（横須賀沖）,35.32,139.785,23.36,25.31,23.44,21.31,4.0
2025-06-28,S1,湾奥（東京港沖）,35.605,139.825,24.15,26.69,24.03,21.72,4.97
2025-06-28,S2,千葉沖,35.555,139.94,23.95,26.49,23.83,21.52,4.97
2025-06-28,S3,川崎沖,35.51,139.78,23.7,26.24,23.58,21.27,4.97
2025-06-28,S4,湾中央,35.43,139.86,23.8,26.34,23.68,21.37,4.97
2025-06-28,S5,湾口（横須賀沖）,35.32,139.785,23.4,25.94,23.28,20.97,4.97
2025-06-29,S1,湾奥（東京港沖）,35.605,139.825,24.17,27.04,23.99,21.48,5.56
2025-06-29,S2,千葉沖,35.555,139.94,23.97,26.84,23.79,21.28,5.56
2025-06-29,S3,川崎沖,35.51,139.78,23.72,26.59,23.54,21.03,5.56
2025-06-29,S4,湾中央,35.43,139.86,23.82,26.69,23.64,21.13,5.56
2025-06-29,S5,湾口（横須賀沖）,35.32,139.785,23.42,26.29,23.24,20.73,5.56
2025-06-30,S1,湾奥（東京港沖）,35.605,139.825,24.2,26.52,24.11,21.97,4.55
2025-06-30,S2,千葉沖,35.555,139.94,24.0,26.32,23.91,21.77,4.55
2025-06-30,S3,川崎沖,35.51,139.78,23.75,26.07,23.66,21.52,4.55
2025-06-30,S4,湾中央,35.43,139.86,23.85,26.17,23.76,21.62,4.55
2025-06-30,S5,湾口（横須賀沖）,35.32,139.785,23.45,25.77,23.36,21.22,4.55
2025-07-01,S1,湾奥（東京港沖）,35.605,139.825,24.76,26.78,25.14,22.36,4.42
2025-07-01,S2,千葉沖,35.555,139.94,24.56,26.58,24.94,22.16,4.42
2025-07-01,S3,川崎沖,35.51,139.78,24.31,26.33,24.69,21.91,4.42
2025-07-01,S4,湾中央,35.43,139.86,24.41,26.43,24.79,22.01,4.42
2025-07-01,S5,湾口（横須賀沖）,35.32,139.785,24.01,26.03,24.39,21.61,4.42
2025-07-02,S1,湾奥（東京港沖）,35.605,139.825,24.95,27.12,25.31,22.41,4.71
2025-07-02,S2,千葉沖,35.555,139.94,24.75,26.92,25.11,22.21,4.71
2025-07-02,S3,川崎沖,35.51,139.78,24.5,26.67,24.86,21.96,4.71
2025-07-02,S4,湾中央,35.43,139.86,24.6,26.77,24.96,22.06,4.71
2025-07-02,S5,湾口（横須賀沖）,35.32,139.785,24.2,26.37,24.56,21.66,4.71
2025-07-03,S1,湾奥（東京港沖）,35.605,139.825,25.18,27.64,25.37,22.53,5.11
2025-07-03,S2,千葉沖,35.555,139.94,24.98,27.44,25.17,22.33,5.11
2025-07-03,S3,川崎沖,35.51,139.78,24.73,27.19,24.92,22.08,5.11
2025-07-03,S4,湾中央,35.43,139.86,24.83,27.29,25.02,22.18,5.11
2025-07-03,S5,湾口（横須賀沖）,35.32,139.785,24.43,26.89,24.62,21.78,5.11
2025-07-04,S1,湾奥（東京港沖）,35.605,139.825,25.21,27.76,25.32,22.55,5.21
2025-07-04,S2,千葉沖,35.555,139.94,25.01,27.56,25.12,22.35,5.21
2025-07-04,S3,川崎沖,35.51,139.78,24.76,27.31,24.87,22.1,5.21
2025-07-04,S4,湾中央,35.43,139.86,24.86,27.41,24.97,22.2,5.21
2025-07-04,S5,湾口（横須賀沖）,35.32,139.785,24.46,27.01,24.57,21.8,5.21
2025-07-05,S1,湾奥（東京港沖）,35.605,139.825,25.28,28.16,25.16,22.53,5.63
2025-07-05,S2,千葉沖,35.555,139.94,25.08,27.96,24.96,22.33,5.63
2025-07-05,S3,川崎沖,35.51,139.78,24.83,27.71,24.71,22.08,5.63
2025-07-05,S4,湾中央,35.43,139.86,24.93,27.81,24.81,22.18,5.63
2025-07-05,S5,湾口（横須賀沖）,35.32,139.785,24.53,27.41,24.41,21.78,5.63
2025-07-06,S1,湾奥（東京港沖）,35.605,139.825,25.18,28.73,24.64,22.18,6.55
2025-07-06,S2,千葉沖,35.555,139.94,24.98,28.53,24.44,21.98,6.55
2025-07-06,S3,川崎沖,35.51,139.78,24.73,28.28,24.19,21.73,6.55
2025-07-06,S4,湾中央,35.43,139.86,24.83,28.38,24.29,21.83,6.55
2025-07-06,S5,湾口（横須賀沖）,35.32,139.785,24.43,27.98,23.89,21.43,6.55
2025-07-07,S1,湾奥（東京港沖）,35.605,139.825,25.27,29.22,24.66,21.93,7.29
2025-07-07,S2,千葉沖,35.555,139.94,25.07,29.02,24.46,21.73,7.29
2025-07-07,S3,川崎沖,35.51,139.78,24.82,28.77,24.21,21.48,7.29
2025-07-07,S4,湾中央,35.43,139.86,24.92,28.87,24.31,21.58,7.29
2025-07-07,S5,湾口（横須賀沖）,35.32,139.785,24.52,28.47,23.91,21.18,7.29
2025-07-08,S1,湾奥（東京港沖）,35.605,139.825,25.71,29.41,25.37,22.34,7.07
2025-07-08,S2,千葉沖,35.555,139.94,25.51,29.21,25.17,22.14,7.07
2025-07-08,S3,川崎沖,35.51,139.78,25.26,28.96,24.92,21.89,7.07
2025-07-08,S4,湾中央,35.43,139.86,25.36,29.06,25.02,21.99,7.07
2025-07-08,S5,湾口（横須賀沖）,35.32,139.785,24.96,28.66,24.62,21.59,7.07
2025-07-09,S1,湾奥（東京港沖）,35.605,139.825,26.02,28.9,25.91,23.25,5.65
2025-07-09,S2,千葉沖,35.555,139.94,25.82,28.7,25.71,23.05,5.65
2025-07-09,S3,川崎沖,35.51,139.78,25.57,28.45,25.46,22.8,5.65
2025-07-09,S4,湾中央,35.43,139.86,25.67,28.55,25.56,22.9,5.65
2025-07-09,S5,湾口（横須賀沖）,35.32,139.785,25.27,28.15,25.16,22.5,5.65
2025-07-10,S1,湾奥（東京港沖）,35.605,139.825,26.52,29.15,26.95,23.48,5.67
2025-07-10,S2,千葉沖,35.555,139.94,26.32,28.95,26.75,23.28,5.67
2025-07-10,S3,川崎沖,35.51,139.78,26.07,28.7,26.5,23.03,5.67
2025-07-10,S4,湾中央,35.43,139.86,26.17,28.8,26.6,23.13,5.67
2025-07-10,S5,湾口（横須賀沖）,35.32,139.785,25.77,28.4,26.2,22.73,5.67
2025-07-11,S1,湾奥（東京港沖）,35.605,139.825,25.84,28.49,26.07,22.97,5.52
2025-07-11,S2,千葉沖,35.555,139.94,25.64,28.29,25.87,22.77,5.52
2025-07-11,S3,川崎沖,35.51,139.78,25.39,28.04,25.62,22.52,5.52
2025-07-11,S4,湾中央,35.43,139.86,25.49,28.14,25.72,22.62,5.52
2025-07-11,S5,湾口（横須賀沖）,35.32,139.785,25.09,27.74,25.32,22.22,5.52
2025-07-12,S1,湾奥（東京港沖）,35.605,139.825,24.39,27.31,24.73,21.12,6.19
2025-07-12,S2,千葉沖,35.555,139.94,24.19,27.11,24.53,20.92,6.19
2025-07-12,S3,川崎沖,35.51,139.78,23.94,26.86,24.28,20.67,6.19
2025-07-12,S4,湾中央,35.43,139.86,24.04,26.96,24.38,20.77,6.19
2025-07-12,S5,湾口（横須賀沖）,35.32,139.785,23.64,26.56,23.98,20.37,6.19
2025-07-13,S1,湾奥（東京港沖）,35.605,139.825,24.18,27.23,24.02,21.27,5.96
2025-07-13,S2,千葉沖,35.555,139.94,23.98,27.03,23.82,21.07,5.96
2025-07-13,S3,川崎沖,35.51,139.78,23.73,26.78,23.57,20.82,5.96
2025-07-13,S4,湾中央,35.43,139.86,23.83,26.88,23.67,20.92,5.96
2025-07-13,S5,湾口（横須賀沖）,35.32,139.785,23.43,26.48,23.27,20.52,5.96
2025-07-14,S1,湾奥（東京港沖）,35.605,139.825,24.49,27.26,24.27,21.92,5.34
2025-07-14,S2,千葉沖,35.555,139.94,24.29,27.06,24.07,21.72,5.34
2025-07-14,S3,川崎沖,35.51,139.78,24.04,26.81,23.82,21.47,5.34
2025-07-14,S4,湾中央,35.43,139.86,24.14,26.91,23.92,21.57,5.34
2025-07-14,S5,湾口（横須賀沖）,35.32,139.785,23.74,26.51,23.52,21.17,5.34
2025-07-15,S1,湾奥（東京港沖）,35.605,139.825,24.96,26.58,25.47,22.83,3.75
2025-07-15,S2,千葉沖,35.555,139.94,24.76,26.38,25.27,22.63,3.75
2025-07-15,S3,川崎沖,35.51,139.78,24.51,26.13,25.02,22.38,3.75
2025-07-15,S4,湾中央,35.43,139.86,24.61,26.23,25.12,22.48,3.75
2025-07-15,S5,湾口（横須賀沖）,35.32,139.785,24.21,25.83,24.72,22.08,3.75
2025-07-16,S1,湾奥（東京港沖）,35.605,139.825,25.19,26.26,25.88,23.45,2.81
2025-07-16,S2,千葉沖,35.555,139.94,24.99,26.06,25.68,23.25,2.81
2025-07-16,S3,川崎沖,35.51,139.78,24.74,25.81,25.43,23.0,2.81
2025-07-16,S4,湾中央,35.43,139.86,24.84,25.91,25.53,23.1,2.81
2025-07-16,S5,湾口（横須賀沖）,35.32,139.785,24.44,25.51,25.13,22.7,2.81
2025-07-17,S1,湾奥（東京港沖）,35.605,139.825,25.4,26.47,25.97,23.78,2.69
2025-07-17,S2,千葉沖,35.555,139.94,25.2,26.27,25.77,23.58,2.69
2025-07-17,S3,川崎沖,35.51,139.78,24.95,26.02,25.52,23.33,2.69
2025-07-17,S4,湾中央,35.43,139.86,25.05,26.12,25.62,23.43,2.69
2025-07-17,S5,湾口（横須賀沖）,35.32,139.785,24.65,25.72,25.22,23.03,2.69
2025-07-18,S1,湾奥（東京港沖）,35.605,139.825,25.53,26.73,26.14,23.72,3.01
2025-07-18,S2,千葉沖,35.555,139.94,25.33,26.53,25.94,23.52,3.01
2025-07-18,S3,川崎沖,35.51,139.78,25.08,26.28,25.69,23.27,3.01
2025-07-18,S4,湾中央,35.43,139.86,25.18,26.38,25.79,23.37,3.01
2025-07-18,S5,湾口（横須賀沖）,35.32,139.785,24.78,25.98,25.39,22.97,3.01
2025-07-19,S1,湾奥（東京港沖）,35.605,139.825,25.7,27.12,26.26,23.73,3.39
2025-07-19,S2,千葉沖,35.555,139.94,25.5,26.92,26.06,23.53,3.39
2025-07-19,S3,川崎沖,35.51,139.78,25.25,26.67,25.81,23.28,3.39
2025-07-19,S4,湾中央,35.43,139.86,25.35,26.77,25.91,23.38,3.39
2025-07-19,S5,湾口（横須賀沖）,35.32,139.785,24.95,26.37,25.51,22.98,3.39
2025-07-20,S1,湾奥（東京港沖）,35.605,139.825,25.85,27.49,26.25,23.83,3.66
2025-07-20,S2,千葉沖,35.555,139.94,25.65,27.29,26.05,23.63,3.66
2025-07-20,S3,川崎沖,35.51,139.78,25.4,27.04,25.8,23.38,3.66
2025-07-20,S4,湾中央,35.43,139.86,25.5,27.14,25.9,23.48,3.66
2025-07-20,S5,湾口（横須賀沖）,35.32,139.785,25.1,26.74,25.5,23.08,3.66
2025-07-21,S1,湾奥（東京港沖）,35.605,139.825,26.12,27.64,26.55,24.18,3.46
2025-07-21,S2,千葉沖,35.555,139.94,25.92,27.44,26.35,23.98,3.46
2025-07-21,S3,川崎沖,35.51,139.78,25.67,27.19,26.1,23.73,3.46
2025-07-21,S4,湾中央,35.43,139.86,25.77,27.29,26.2,23.83,3.46
2025-07-21,S5,湾口（横須賀沖）,35.32,139.785,25.37,26.89,25.8,23.43,3.46
2025-07-22,S1,湾奥（東京港沖）,35.605,139.825,27.48,28.73,28.19,25.51,3.22
2025-07-22,S2,千葉沖,35.555,139.94,27.28,28.53,27.99,25.31,3.22
2025-07-22,S3,川崎沖,35.51,139.78,27.03,28.28,27.74,25.06,3.22
2025-07-22,S4,湾中央,35.43,139.86,27.13,28.38,27.84,25.16,3.22
2025-07-22,S5,湾口（横須賀沖）,35.32,139.785,26.73,27.98,27.44,24.76,3.22
2025-07-23,S1,湾奥（東京港沖）,35.605,139.825,27.2,28.54,27.56,25.51,3.03
2025-07-23,S2,千葉沖,35.555,139.94,27.0,28.34,27.36,25.31,3.03
2025-07-23,S3,川崎沖,35.51,139.78,26.75,28.09,27.11,25.06,3.03
2025-07-23,S4,湾中央,35.43,139.86,26.85,28.19,27.21,25.16,3.03
2025-07-23,S5,湾口（横須賀沖）,35.32,139.785,26.45,27.79,26.81,24.76,3.03
2025-07-24,S1,湾奥（東京港沖）,35.605,139.825,27.45,28.73,27.73,25.89,2.84
2025-07-24,S2,千葉沖,35.555,139.94,27.25,28.53,27.53,25.69,2.84
2025-07-24,S3,川崎沖,35.51,139.78,27.0,28.28,27.28,25.44,2.84
2025-07-24,S4,湾中央,35.43,139.86,27.1,28.38,27.38,25.54,2.84
2025-07-24,S5,湾口（横須賀沖）,35.32,139.785,26.7,27.98,26.98,25.14,2.84
2025-07-25,S1,湾奥（東京港沖）,35.605,139.825,27.6,28.79,27.98,26.03,2.76
2025-07-25,S2,千葉沖,35.555,139.94,27.4,28.59,27.78,25.83,2.76
2025-07-25,S3,川崎沖,35.51,139.78,27.15,28.34,27.53,25.58,2.76
2025-07-25,S4,湾中央,35.43,139.86,27.25,28.44,27.63,25.68,2.76
2025-07-25,S5,湾口（横須賀沖）,35.32,139.785,26.85,28.04,27.23,25.28,2.76
2025-07-26,S1,湾奥（東京港沖）,35.605,139.825,27.62,28.77,28.14,25.93,2.84
2025-07-26,S2,千葉沖,35.555,139.94,27.42,28.57,27.94,25.73,2.84
2025-07-26,S3,川崎沖,35.51,139.78,27.17,28.32,27.69,25.48,2.84
2025-07-26,S4,湾中央,35.43,139.86,27.27,28.42,27.79,25.58,2.84
2025-07-26,S5,湾口（横須賀沖）,35.32,139.785,26.87,28.02,27.39,25.18,2.84
2025-07-27,S1,湾奥（東京港沖）,35.605,139.825,28.15,29.05,28.97,26.43,2.62
2025-07-27,S2,千葉沖,35.555,139.94,27.95,28.85,28.77,26.23,2.62
2025-07-27,S3,川崎沖,35.51,139.78,27.7,28.6,28.52,25.98,2.62
2025-07-27,S4,湾中央,35.43,139.86,27.8,28.7,28.62,26.08,2.62
2025-07-27,S5,湾口（横須賀沖）,35.32,139.785,27.4,28.3,28.22,25.68,2.62
2025-07-28,S1,湾奥（東京港沖）,35.605,139.825,27.47,29.01,28.02,25.38,3.63
2025-07-28,S2,千葉沖,35.555,139.94,27.27,28.81,27.82,25.18,3.63
2025-07-28,S3,川崎沖,35.51,139.78,27.02,28.56,27.57,24.93,3.63
2025-07-28,S4,湾中央,35.43,139.86,27.12,28.66,27.67,25.03,3.63
2025-07-28,S5,湾口（横須賀沖）,35.32,139.785,26.72,28.26,27.27,24.63,3.63
2025-07-29,S1,湾奥（東京港沖）,35.605,139.825,27.33,29.47,27.65,24.87,4.6
2025-07-29,S2,千葉沖,35.555,139.94,27.13,29.27,27.45,24.67,4.6
2025-07-29,S3,川崎沖,35.51,139.78,26.88,29.02,27.2,24.42,4.6
2025-07-29,S4,湾中央,35.43,139.86,26.98,29.12,27.3,24.52,4.6
2025-07-29,S5,湾口（横須賀沖）,35.32,139.785,26.58,28.72,26.9,24.12,4.6
2025-07-30,S1,湾奥（東京港沖）,35.605,139.825,26.46,29.45,26.84,23.1,6.35
2025-07-30,S2,千葉沖,35.555,139.94,26.26,29.25,26.64,22.9,6.35
2025-07-30,S3,川崎沖,35.51,139.78,26.01,29.0,26.39,22.65,6.35
2025-07-30,S4,湾中央,35.43,139.86,26.11,29.1,26.49,22.75,6.35
2025-07-30,S5,湾口（横須賀沖）,35.32,139.785,25.71,28.7,26.09,22.35,6.35
2025-07-31,S1,湾奥（東京港沖）,35.605,139.825,25.18,28.81,25.38,21.33,7.48
2025-07-31,S2,千葉沖,35.555,139.94,24.98,28.61,25.18,21.13,7.48
2025-07-31,S3,川崎沖,35.51,139.78,24.73,28.36,24.93,20.88,7.48
2025-07-31,S4,湾中央,35.43,139.86,24.83,28.46,25.03,20.98,7.48
2025-07-31,S5,湾口（横須賀沖）,35.32,139.785,24.43,28.06,24.63,20.58,7.48
2025-08-01,S1,湾奥（東京港沖）,35.605,139.825,23.82,26.84,23.86,20.75,6.09
2025-08-01,S2,千葉沖,35.555,139.94,23.62,26.64,23.66,20.55,6.09
2025-08-01,S3,川崎沖,35.51,139.78,23.37,26.39,23.41,20.3,6.09
2025-08-01,S4,湾中央,35.43,139.86,23.47,26.49,23.51,20.4,6.09
2025-08-01,S5,湾口（横須賀沖）,35.32,139.785,23.07,26.09,23.11,20.0,6.09
2025-08-02,S1,湾奥（東京港沖）,35.605,139.825,23.1,25.75,23.07,20.48,5.27
2025-08-02,S2,千葉沖,35.555,139.94,22.9,25.55,22.87,20.28,5.27
2025-08-02,S3,川崎沖,35.51,139.78,22.65,25.3,22.62,20.03,5.27
2025-08-02,S4,湾中央,35.43,139.86,22.75,25.4,22.72,20.13,5.27
2025-08-02,S5,湾口（横須賀沖）,35.32,139.785,22.35,25.0,22.32,19.73,5.27
2025-08-03,S1,湾奥（東京港沖）,35.605,139.825,24.32,27.12,24.42,21.42,5.7
2025-08-03,S2,千葉沖,35.555,139.94,24.12,26.92,24.22,21.22,5.7
2025-08-03,S3,川崎沖,35.51,139.78,23.87,26.67,23.97,20.97,5.7
2025-08-03,S4,湾中央,35.43,139.86,23.97,26.77,24.07,21.07,5.7
2025-08-03,S5,湾口（横須賀沖）,35.32,139.785,23.57,26.37,23.67,20.67,5.7
2025-08-04,S1,湾奥（東京港沖）,35.605,139.825,25.7,27.92,25.99,23.17,4.75
2025-08-04,S2,千葉沖,35.555,139.94,25.5,27.72,25.79,22.97,4.75
2025-08-04,S3,川崎沖,35.51,139.78,25.25,27.47,25.54,22.72,4.75
2025-08-04,S4,湾中央,35.43,139.86,25.35,27.57,25.64,22.82,4.75
2025-08-04,S5,湾口（横須賀沖）,35.32,139.785,24.95,27.17,25.24,22.42,4.75
2025-08-05,S1,湾奥（東京港沖）,35.605,139.825,26.75,27.83,27.48,24.95,2.88
2025-08-05,S2,千葉沖,35.555,139.94,26.55,27.63,27.28,24.75,2.88
2025-08-05,S3,川崎沖,35.51,139.78,26.3,27.38,27.03,24.5,2.88
2025-08-05,S4,湾中央,35.43,139.86,26.4,27.48,27.13,24.6,2.88
2025-08-05,S5,湾口（横須賀沖）,35.32,139.785,26.0,27.08,26.73,24.2,2.88
2025-08-06,S1,湾奥（東京港沖）,35.605,139.825,27.35,28.78,27.99,25.28,3.5
2025-08-06,S2,千葉沖,35.555,139.94,27.15,28.58,27.79,25.08,3.5
2025-08-06,S3,川崎沖,35.51,139.78,26.9,28.33,27.54,24.83,3.5
2025-08-06,S4,湾中央,35.43,139.86,27.0,28.43,27.64,24.93,3.5
2025-08-06,S5,湾口（横須賀沖）,35.32,139.785,26.6,28.03,27.24,24.53,3.5
2025-08-07,S1,湾奥（東京港沖）,35.605,139.825,27.4,28.99,27.91,25.31,3.68
2025-08-07,S2,千葉沖,35.555,139.94,27.2,28.79,27.71,25.11,3.68
2025-08-07,S3,川崎沖,35.51,139.78,26.95,28.54,27.46,24.86,3.68
2025-08-07,S4,湾中央,35.43,139.86,27.05,28.64,27.56,24.96,3.68
2025-08-07,S5,湾口（横須賀沖）,35.32,139.785,26.65,28.24,27.16,24.56,3.68
2025-08-08,S1,湾奥（東京港沖）,35.605,139.825,27.39,29.13,27.64,25.39,3.74
2025-08-08,S2,千葉沖,35.555,139.94,27.19,28.93,27.44,25.19,3.74
2025-08-08,S3,川崎沖,35.51,139.78,26.94,28.68,27.19,24.94,3.74
2025-08-08,S4,湾中央,35.43,139.86,27.04,28.78,27.29,25.04,3.74
2025-08-08,S5,湾口（横須賀沖）,35.32,139.785,26.64,28.38,26.89,24.64,3.74
2025-08-09,S1,湾奥（東京港沖）,35.605,139.825,27.08,29.09,27.4,24.75,4.34
2025-08-09,S2,千葉沖,35.555,139.94,26.88,28.89,27.2,24.55,4.34
2025-08-09,S3,川崎沖,35.51,139.78,26.63,28.64,26.95,24.3,4.34
2025-08-09,S4,湾中央,35.43,139.86,26.73,28.74,27.05,24.4,4.34
2025-08-09,S5,湾口（横須賀沖）,35.32,139.785,26.33,28.34,26.65,24.0,4.34
2025-08-10,S1,湾奥（東京港沖）,35.605,139.825,26.87,28.24,27.46,24.91,3.33
2025-08-10,S2,千葉沖,35.555,139.94,26.67,28.04,27.26,24.71,3.33
2025-08-10,S3,川崎沖,35.51,139.78,26.42,27.79,27.01,24.46,3.33
2025-08-10,S4,湾中央,35.43,139.86,26.52,27.89,27.11,24.56,3.33
2025-08-10,S5,湾口（横須賀沖）,35.32,139.785,26.12,27.49,26.71,24.16,3.33
2025-08-11,S1,湾奥（東京港沖）,35.605,139.825,26.49,27.01,26.8,25.66,1.35
2025-08-11,S2,千葉沖,35.555,139.94,26.29,26.81,26.6,25.46,1.35
2025-08-11,S3,川崎沖,35.51,139.78,26.04,26.56,26.35,25.21,1.35
2025-08-11,S4,湾中央,35.43,139.86,26.14,26.66,26.45,25.31,1.35
2025-08-11,S5,湾口（横須賀沖）,35.32,139.785,25.74,26.26,26.05,24.91,1.35
2025-08-12,S1,湾奥（東京港沖）,35.605,139.825,26.53,26.98,26.63,25.97,1.01
2025-08-12,S2,千葉沖,35.555,139.94,26.33,26.78,26.43,25.77,1.01
2025-08-12,S3,川崎沖,35.51,139.78,26.08,26.53,26.18,25.52,1.01
2025-08-12,S4,湾中央,35.43,139.86,26.18,26.63,26.28,25.62,1.01
2025-08-12,S5,湾口（横須賀沖）,35.32,139.785,25.78,26.23,25.88,25.22,1.01
2025-08-13,S1,湾奥（東京港沖）,35.605,139.825,26.57,27.56,26.55,25.61,1.95
2025-08-13,S2,千葉沖,35.555,139.94,26.37,27.36,26.35,25.41,1.95
2025-08-13,S3,川崎沖,35.51,139.78,26.12,27.11,26.1,25.16,1.95
2025-08-13,S4,湾中央,35.43,139.86,26.22,27.21,26.2,25.26,1.95
2025-08-13,S5,湾口（横須賀沖）,35.32,139.785,25.82,26.81,25.8,24.86,1.95
2025-08-14,S1,湾奥（東京港沖）,35.605,139.825,26.18,27.87,26.43,24.23,3.64
2025-08-14,S2,千葉沖,35.555,139.94,25.98,27.67,26.23,24.03,3.64
2025-08-14,S3,川崎沖,35.51,139.78,25.73,27.42,25.98,23.78,3.64
2025-08-14,S4,湾中央,35.43,139.86,25.83,27.52,26.08,23.88,3.64
2025-08-14,S5,湾口（横須賀沖）,35.32,139.785,25.43,27.12,25.68,23.48,3.64
2025-08-15,S1,湾奥（東京港沖）,35.605,139.825,25.9,28.2,26.14,23.35,4.85
2025-08-15,S2,千葉沖,35.555,139.94,25.7,28.0,25.94,23.15,4.85
2025-08-15,S3,川崎沖,35.51,139.78,25.45,27.75,25.69,22.9,4.85
2025-08-15,S4,湾中央,35.43,139.86,25.55,27.85,25.79,23.0,4.85
2025-08-15,S5,湾口（横須賀沖）,35.32,139.785,25.15,27.45,25.39,22.6,4.85
2025-08-16,S1,湾奥（東京港沖）,35.605,139.825,25.83,27.97,26.47,23.05,4.92
2025-08-16,S2,千葉沖,35.555,139.94,25.63,27.77,26.27,22.85,4.92
2025-08-16,S3,川崎沖,35.51,139.78,25.38,27.52,26.02,22.6,4.92
2025-08-16,S4,湾中央,35.43,139.86,25.48,27.62,26.12,22.7,4.92
2025-08-16,S5,湾口（横須賀沖）,35.32,139.785,25.08,27.22,25.72,22.3,4.92
2025-08-17,S1,湾奥（東京港沖）,35.605,139.825,25.76,27.96,26.61,22.72,5.24
2025-08-17,S2,千葉沖,35.555,139.94,25.56,27.76,26.41,22.52,5.24
2025-08-17,S3,川崎沖,35.51,139.78,25.31,27.51,26.16,22.27,5.24
2025-08-17,S4,湾中央,35.43,139.86,25.41,27.61,26.26,22.37,5.24
2025-08-17,S5,湾口（横須賀沖）,35.32,139.785,25.01,27.21,25.86,21.97,5.24
2025-08-18,S1,湾奥（東京港沖）,35.605,139.825,26.28,28.78,27.22,22.83,5.95
2025-08-18,S2,千葉沖,35.555,139.94,26.08,28.58,27.02,22.63,5.95
2025-08-18,S3,川崎沖,35.51,139.78,25.83,28.33,26.77,22.38,5.95
2025-08-18,S4,湾中央,35.43,139.86,25.93,28.43,26.87,22.48,5.95
2025-08-18,S5,湾口（横須賀沖）,35.32,139.785,25.53,28.03,26.47,22.08,5.95
2025-08-19,S1,湾奥（東京港沖）,35.605,139.825,26.33,28.97,27.29,22.72,6.25
2025-08-19,S2,千葉沖,35.555,139.94,26.13,28.77,27.09,22.52,6.25
2025-08-19,S3,川崎沖,35.51,139.78,25.88,28.52,26.84,22.27,6.25
2025-08-19,S4,湾中央,35.43,139.86,25.98,28.62,26.94,22.37,6.25
2025-08-19,S5,湾口（横須賀沖）,35.32,139.785,25.58,28.22,26.54,21.97,6.25
2025-08-20,S1,湾奥（東京港沖）,35.605,139.825,26.55,28.86,27.7,23.1,5.76
2025-08-20,S2,千葉沖,35.555,139.94,26.35,28.66,27.5,22.9,5.76
2025-08-20,S3,川崎沖,35.51,139.78,26.1,28.41,27.25,22.65,5.76
2025-08-20,S4,湾中央,35.43,139.86,26.2,28.51,27.35,22.75,5.76
2025-08-20,S5,湾口（横須賀沖）,35.32,139.785,25.8,28.11,26.95,22.35,5.76
2025-08-21,S1,湾奥（東京港沖）,35.605,139.825,26.67,29.02,27.75,23.22,5.8
2025-08-21,S2,千葉沖,35.555,139.94,26.47,28.82,27.55,23.02,5.8
2025-08-21,S3,川崎沖,35.51,139.78,26.22,28.57,27.3,22.77,5.8
2025-08-21,S4,湾中央,35.43,139.86,26.32,28.67,27.4,22.87,5.8
2025-08-21,S5,湾口（横須賀沖）,35.32,139.785,25.92,28.27,27.0,22.47,5.8
2025-08-22,S1,湾奥（東京港沖）,35.605,139.825,27.54,30.12,28.31,24.18,5.94
2025-08-22,S2,千葉沖,35.555,139.94,27.34,29.92,28.11,23.98,5.94
2025-08-22,S3,川崎沖,35.51,139.78,27.09,29.67,27.86,23.73,5.94
2025-08-22,S4,湾中央,35.43,139.86,27.19,29.77,27.96,23.83,5.94
2025-08-22,S5,湾口（横須賀沖）,35.32,139.785,26.79,29.37,27.56,23.43,5.94
2025-08-23,S1,湾奥（東京港沖）,35.605,139.825,27.48,29.78,28.46,24.2,5.58
2025-08-23,S2,千葉沖,35.555,139.94,27.28,29.58,28.26,24.0,5.58
2025-08-23,S3,川崎沖,35.51,139.78,27.03,29.33,28.01,23.75,5.58
2025-08-23,S4,湾中央,35.43,139.86,27.13,29.43,28.11,23.85,5.58
2025-08-23,S5,湾口（横須賀沖）,35.32,139.785,26.73,29.03,27.71,23.45,5.58
2025-08-24,S1,湾奥（東京港沖）,35.605,139.825,27.0,29.46,27.81,23.72,5.74
2025-08-24,S2,千葉沖,35.555,139.94,26.8,29.26,27.61,23.52,5.74
2025-08-24,S3,川崎沖,35.51,139.78,26.55,29.01,27.36,23.27,5.74
2025-08-24,S4,湾中央,35.43,139.86,26.65,29.11,27.46,23.37,5.74
2025-08-24,S5,湾口（横須賀沖）,35.32,139.785,26.25,28.71,27.06,22.97,5.74
2025-08-25,S1,湾奥（東京港沖）,35.605,139.825,26.96,29.86,27.31,23.7,6.16
2025-08-25,S2,千葉沖,35.555,139.94,26.76,29.66,27.11,23.5,6.16
2025-08-25,S3,川崎沖,35.51,139.78,26.51,29.41,26.86,23.25,6.16
2025-08-25,S4,湾中央,35.43,139.86,26.61,29.51,26.96,23.35,6.16
2025-08-25,S5,湾口（横須賀沖）,35.32,139.785,26.21,29.11,26.56,22.95,6.16
2025-08-26,S1,湾奥（東京港沖）,35.605,139.825,26.93,30.0,27.21,23.58,6.42
2025-08-26,S2,千葉沖,35.555,139.94,26.73,29.8,27.01,23.38,6.42
2025-08-26,S3,川崎沖,35.51,139.78,26.48,29.55,26.76,23.13,6.42
2025-08-26,S4,湾中央,35.43,139.86,26.58,29.65,26.86,23.23,6.42
2025-08-26,S5,湾口（横須賀沖）,35.32,139.785,26.18,29.25,26.46,22.83,6.42
2025-08-27,S1,湾奥（東京港沖）,35.605,139.825,27.14,29.05,28.18,24.2,4.85
2025-08-27,S2,千葉沖,35.555,139.94,26.94,28.85,27.98,24.0,4.85
2025-08-27,S3,川崎沖,35.51,139.78,26.69,28.6,27.73,23.75,4.85
2025-08-27,S4,湾中央,35.43,139.86,26.79,28.7,27.83,23.85,4.85
2025-08-27,S5,湾口（横須賀沖）,35.32,139.785,26.39,28.3,27.43,23.45,4.85
2025-08-28,S1,湾奥（東京港沖）,35.605,139.825,27.07,29.09,27.86,24.28,4.81
2025-08-28,S2,千葉沖,35.555,139.94,26.87,28.89,27.66,24.08,4.81
2025-08-28,S3,川崎沖,35.51,139.78,26.62,28.64,27.41,23.83,4.81
2025-08-28,S4,湾中央,35.43,139.86,26.72,28.74,27.51,23.93,4.81
2025-08-28,S5,湾口（横須賀沖）,35.32,139.785,26.32,28.34,27.11,23.53,4.81
2025-08-29,S1,湾奥（東京港沖）,35.605,139.825,26.6,29.36,26.93,23.51,5.85
2025-08-29,S2,千葉沖,35.555,139.94,26.4,29.16,26.73,23.31,5.85
2025-08-29,S3,川崎沖,35.51,139.78,26.15,28.91,26.48,23.06,5.85
2025-08-29,S4,湾中央,35.43,139.86,26.25,29.01,26.58,23.16,5.85
2025-08-29,S5,湾口（横須賀沖）,35.32,139.785,25.85,28.61,26.18,22.76,5.85
2025-08-30,S1,湾奥（東京港沖）,35.605,139.825,26.67,29.52,26.85,23.65,5.87
2025-08-30,S2,千葉沖,35.555,139.94,26.47,29.32,26.65,23.45,5.87
2025-08-30,S3,川崎沖,35.51,139.78,26.22,29.07,26.4,23.2,5.87
2025-08-30,S4,湾中央,35.43,139.86,26.32,29.17,26.5,23.3,5.87
2025-08-30,S5,湾口（横須賀沖）,35.32,139.785,25.92,28.77,26.1,22.9,5.87
2025-08-31,S1,湾奥（東京港沖）,35.605,139.825,27.35,30.34,27.31,24.4,5.94
2025-08-31,S2,千葉沖,35.555,139.94,27.15,30.14,27.11,24.2,5.94
2025-08-31,S3,川崎沖,35.51,139.78,26.9,29.89,26.86,23.95,5.94
2025-08-31,S4,湾中央,35.43,139.86,27.0,29.99,26.96,24.05,5.94
2025-08-31,S5,湾口（横須賀沖）,35.32,139.785,26.6,29.59,26.56,23.65,5.94
2025-09-01,S1,湾奥（東京港沖）,35.605,139.825,27.69,30.21,28.06,24.79,5.42
2025-09-01,S2,千葉沖,35.555,139.94,27.49,30.01,27.86,24.59,5.42
2025-09-01,S3,川崎沖,35.51,139.78,27.24,29.76,27.61,24.34,5.42
2025-09-01,S4,湾中央,35.43,139.86,27.34,29.86,27.71,24.44,5.42
2025-09-01,S5,湾口（横須賀沖）,35.32,139.785,26.94,29.46,27.31,24.04,5.42
2025-09-02,S1,湾奥（東京港沖）,35.605,139.825,28.28,29.65,29.35,25.83,3.82
2025-09-02,S2,千葉沖,35.555,139.94,28.08,29.45,29.15,25.63,3.82
2025-09-02,S3,川崎沖,35.51,139.78,27.83,29.2,28.9,25.38,3.82
2025-09-02,S4,湾中央,35.43,139.86,27.93,29.3,29.0,25.48,3.82
2025-09-02,S5,湾口（横須賀沖）,35.32,139.785,27.53,28.9,28.6,25.08,3.82
2025-09-03,S1,湾奥（東京港沖）,35.605,139.825,28.31,29.71,29.25,25.98,3.73
2025-09-03,S2,千葉沖,35.555,139.94,28.11,29.51,29.05,25.78,3.73
2025-09-03,S3,川崎沖,35.51,139.78,27.86,29.26,28.8,25.53,3.73
2025-09-03,S4,湾中央,35.43,139.86,27.96,29.36,28.9,25.63,3.73
2025-09-03,S5,湾口（横須賀沖）,35.32,139.785,27.56,28.96,28.5,25.23,3.73
2025-09-04,S1,湾奥（東京港沖）,35.605,139.825,27.95,29.6,28.96,25.29,4.31
2025-09-04,S2,千葉沖,35.555,139.94,27.75,29.4,28.76,25.09,4.31
2025-09-04,S3,川崎沖,35.51,139.78,27.5,29.15,28.51,24.84,4.31
2025-09-04,S4,湾中央,35.43,139.86,27.6,29.25,28.61,24.94,4.31
2025-09-04,S5,湾口（横須賀沖）,35.32,139.785,27.2,28.85,28.21,24.54,4.31
2025-09-05,S1,湾奥（東京港沖）,35.605,139.825,27.4,29.12,28.46,24.64,4.48
2025-09-05,S2,千葉沖,35.555,139.94,27.2,28.92,28.26,24.44,4.48
2025-09-05,S3,川崎沖,35.51,139.78,26.95,28.67,28.01,24.19,4.48
2025-09-05,S4,湾中央,35.43,139.86,27.05,28.77,28.11,24.29,4.48
2025-09-05,S5,湾口（横須賀沖）,35.32,139.785,26.65,28.37,27.71,23.89,4.48
2025-09-06,S1,湾奥（東京港沖）,35.605,139.825,27.09,28.93,27.82,24.52,4.41
2025-09-06,S2,千葉沖,35.555,139.94,26.89,28.73,27.62,24.32,4.41
2025-09-06,S3,川崎沖,35.51,139.78,26.64,28.48,27.37,24.07,4.41
2025-09-06,S4,湾中央,35.43,139.86,26.74,28.58,27.47,24.17,4.41
2025-09-06,S5,湾口（横須賀沖）,35.32,139.785,26.34,28.18,27.07,23.77,4.41
2025-09-07,S1,湾奥（東京港沖）,35.605,139.825,27.09,28.64,27.94,24.69,3.95
2025-09-07,S2,千葉沖,35.555,139.94,26.89,28.44,27.74,24.49,3.95
2025-09-07,S3,川崎沖,35.51,139.78,26.64,28.19,27.49,24.24,3.95
2025-09-07,S4,湾中央,35.43,139.86,26.74,28.29,27.59,24.34,3.95
2025-09-07,S5,湾口（横須賀沖）,35.32,139.785,26.34,27.89,27.19,23.94,3.95
2025-09-08,S1,湾奥（東京港沖）,35.605,139.825,27.52,29.19,28.39,24.98,4.21
2025-09-08,S2,千葉沖,35.555,139.94,27.32,28.99,28.19,24.78,4.21
2025-09-08,S3,川崎沖,35.51,139.78,27.07,28.74,27.94,24.53,4.21
2025-09-08,S4,湾中央,35.43,139.86,27.17,28.84,28.04,24.63,4.21
2025-09-08,S5,湾口（横須賀沖）,35.32,139.785,26.77,28.44,27.64,24.23,4.21
2025-09-09,S1,湾奥（東京港沖）,35.605,139.825,27.47,29.76,27.86,24.8,4.96
2025-09-09,S2,千葉沖,35.555,139.94,27.27,29.56,27.66,24.6,4.96
2025-09-09,S3,川崎沖,35.51,139.78,27.02,29.31,27.41,24.35,4.96
2025-09-09,S4,湾中央,35.43,139.86,27.12,29.41,27.51,24.45,4.96
2025-09-09,S5,湾口（横須賀沖）,35.32,139.785,26.72,29.01,27.11,24.05,4.96
2025-09-10,S1,湾奥（東京港沖）,35.605,139.825,27.72,29.69,28.39,25.07,4.62
2025-09-10,S2,千葉沖,35.555,139.94,27.52,29.49,28.19,24.87,4.62
2025-09-10,S3,川崎沖,35.51,139.78,27.27,29.24,27.94,24.62,4.62
2025-09-10,S4,湾中央,35.43,139.86,27.37,29.34,28.04,24.72,4.62
2025-09-10,S5,湾口（横須賀沖）,35.32,139.785,26.97,28.94,27.64,24.32,4.62
2025-09-11,S1,湾奥（東京港沖）,35.605,139.825,27.83,29.5,28.56,25.42,4.08
2025-09-11,S2,千葉沖,35.555,139.94,27.63,29.3,28.36,25.22,4.08
2025-09-11,S3,川崎沖,35.51,139.78,27.38,29.05,28.11,24.97,4.08
2025-09-11,S4,湾中央,35.43,139.86,27.48,29.15,28.21,25.07,4.08
2025-09-11,S5,湾口（横須賀沖）,35.32,139.785,27.08,28.75,27.81,24.67,4.08
2025-09-12,S1,湾奥（東京港沖）,35.605,139.825,26.9,29.17,27.16,24.36,4.81
2025-09-12,S2,千葉沖,35.555,139.94,26.7,28.97,26.96,24.16,4.81
2025-09-12,S3,川崎沖,35.51,139.78,26.45,28.72,26.71,23.91,4.81
2025-09-12,S4,湾中央,35.43,139.86,26.55,28.82,26.81,24.01,4.81
2025-09-12,S5,湾口（横須賀沖）,35.32,139.785,26.15,28.42,26.41,23.61,4.81
2025-09-13,S1,湾奥（東京港沖）,35.605,139.825,26.19,28.69,26.11,23.74,4.95
2025-09-13,S2,千葉沖,35.555,139.94,25.99,28.49,25.91,23.54,4.95
2025-09-13,S3,川崎沖,35.51,139.78,25.74,28.24,25.66,23.29,4.95
2025-09-13,S4,湾中央,35.43,139.86,25.84,28.34,25.76,23.39,4.95
2025-09-13,S5,湾口（横須賀沖）,35.32,139.785,25.44,27.94,25.36,22.99,4.95
2025-09-14,S1,湾奥（東京港沖）,35.605,139.825,26.9,27.98,27.58,25.13,2.85
2025-09-14,S2,千葉沖,35.555,139.94,26.7,27.78,27.38,24.93,2.85
2025-09-14,S3,川崎沖,35.51,139.78,26.45,27.53,27.13,24.68,2.85
2025-09-14,S4,湾中央,35.43,139.86,26.55,27.63,27.23,24.78,2.85
2025-09-14,S5,湾口（横須賀沖）,35.32,139.785,26.15,27.23,26.83,24.38,2.85
2025-09-15,S1,湾奥（東京港沖）,35.605,139.825,26.61,28.28,27.14,24.42,3.86
2025-09-15,S2,千葉沖,35.555,139.94,26.41,28.08,26.94,24.22,3.86
2025-09-15,S3,川崎沖,35.51,139.78,26.16,27.83,26.69,23.97,3.86
2025-09-15,S4,湾中央,35.43,139.86,26.26,27.93,26.79,24.07,3.86
2025-09-15,S5,湾口（横須賀沖）,35.32,139.785,25.86,27.53,26.39,23.67,3.86
2025-09-16,S1,湾奥（東京港沖）,35.605,139.825,26.12,28.58,26.12,23.67,4.91
2025-09-16,S2,千葉沖,35.555,139.94,25.92,28.38,25.92,23.47,4.91
2025-09-16,S3,川崎沖,35.51,139.78,25.67,28.13,25.67,23.22,4.91
2025-09-16,S4,湾中央,35.43,139.86,25.77,28.23,25.77,23.32,4.91
2025-09-16,S5,湾口（横須賀沖）,35.32,139.785,25.37,27.83,25.37,22.92,4.91
2025-09-17,S1,湾奥（東京港沖）,35.605,139.825,26.35,28.66,26.3,24.12,4.54
2025-09-17,S2,千葉沖,35.555,139.94,26.15,28.46,26.1,23.92,4.54
2025-09-17,S3,川崎沖,35.51,139.78,25.9,28.21,25.85,23.67,4.54
2025-09-17,S4,湾中央,35.43,139.86,26.0,28.31,25.95,23.77,4.54
2025-09-17,S5,湾口（横須賀沖）,35.32,139.785,25.6,27.91,25.55,23.37,4.54
2025-09-18,S1,湾奥（東京港沖）,35.605,139.825,26.78,28.58,27.01,24.75,3.83
2025-09-18,S2,千葉沖,35.555,139.94,26.58,28.38,26.81,24.55,3.83
2025-09-18,S3,川崎沖,35.51,139.78,26.33,28.13,26.56,24.3,3.83
2025-09-18,S4,湾中央,35.43,139.86,26.43,28.23,26.66,24.4,3.83
2025-09-18,S5,湾口（横須賀沖）,35.32,139.785,26.03,27.83,26.26,24.0,3.83
2025-09-19,S1,湾奥（東京港沖）,35.605,139.825,25.99,28.02,26.26,23.69,4.33
2025-09-19,S2,千葉沖,35.555,139.94,25.79,27.82,26.06,23.49,4.33
2025-09-19,S3,川崎沖,35.51,139.78,25.54,27.57,25.81,23.24,4.33
2025-09-19,S4,湾中央,35.43,139.86,25.64,27.67,25.91,23.34,4.33
2025-09-19,S5,湾口（横須賀沖）,35.32,139.785,25.24,27.27,25.51,22.94,4.33
2025-09-20,S1,湾奥（東京港沖）,35.605,139.825,25.51,27.69,25.9,22.96,4.73
2025-09-20,S2,千葉沖,35.555,139.94,25.31,27.49,25.7,22.76,4.73
2025-09-20,S3,川崎沖,35.51,139.78,25.06,27.24,25.45,22.51,4.73
2025-09-20,S4,湾中央,35.43,139.86,25.16,27.34,25.55,22.61,4.73
2025-09-20,S5,湾口（横須賀沖）,35.32,139.785,24.76,26.94,25.15,22.21,4.73
2025-09-21,S1,湾奥（東京港沖）,35.605,139.825,25.81,27.28,25.85,24.3,2.98
2025-09-21,S2,千葉沖,35.555,139.94,25.61,27.08,25.65,24.1,2.98
2025-09-21,S3,川崎沖,35.51,139.78,25.36,26.83,25.4,23.85,2.98
2025-09-21,S4,湾中央,35.43,139.86,25.46,26.93,25.5,23.95,2.98
2025-09-21,S5,湾口（横須賀沖）,35.32,139.785,25.06,26.53,25.1,23.55,2.98
2025-09-22,S1,湾奥（東京港沖）,35.605,139.825,24.87,26.34,25.23,23.04,3.3
2025-09-22,S2,千葉沖,35.555,139.94,24.67,26.14,25.03,22.84,3.3
2025-09-22,S3,川崎沖,35.51,139.78,24.42,25.89,24.78,22.59,3.3
2025-09-22,S4,湾中央,35.43,139.86,24.52,25.99,24.88,22.69,3.3
2025-09-22,S5,湾口（横須賀沖）,35.32,139.785,24.12,25.59,24.48,22.29,3.3
2025-09-23,S1,湾奥（東京港沖）,35.605,139.825,23.87,25.72,23.99,21.91,3.81
2025-09-23,S2,千葉沖,35.555,139.94,23.67,25.52,23.79,21.71,3.81
2025-09-23,S3,川崎沖,35.51,139.78,23.42,25.27,23.54,21.46,3.81
2025-09-23,S4,湾中央,35.43,139.86,23.52,25.37,23.64,21.56,3.81
2025-09-23,S5,湾口（横須賀沖）,35.32,139.785,23.12,24.97,23.24,21.16,3.81
2025-09-24,S1,湾奥（東京港沖）,35.605,139.825,23.44,25.1,23.43,21.8,3.3
2025-09-24,S2,千葉沖,35.555,139.94,23.24,24.9,23.23,21.6,3.3
2025-09-24,S3,川崎沖,35.51,139.78,22.99,24.65,22.98,21.35,3.3
2025-09-24,S4,湾中央,35.43,139.86,23.09,24.75,23.08,21.45,3.3
2025-09-24,S5,湾口（横須賀沖）,35.32,139.785,22.69,24.35,22.68,21.05,3.3
2025-09-25,S1,湾奥（東京港沖）,35.605,139.825,23.61,25.18,23.46,22.19,2.99
2025-09-25,S2,千葉沖,35.555,139.94,23.41,24.98,23.26,21.99,2.99
2025-09-25,S3,川崎沖,35.51,139.78,23.16,24.73,23.01,21.74,2.99
2025-09-25,S4,湾中央,35.43,139.86,23.26,24.83,23.11,21.84,2.99
2025-09-25,S5,湾口（横須賀沖）,35.32,139.785,22.86,24.43,22.71,21.44,2.99
2025-09-26,S1,湾奥（東京港沖）,35.605,139.825,24.18,25.48,24.07,23.01,2.47
2025-09-26,S2,千葉沖,35.555,139.94,23.98,25.28,23.87,22.81,2.47
2025-09-26,S3,川崎沖,35.51,139.78,23.73,25.03,23.62,22.56,2.47
2025-09-26,S4,湾中央,35.43,139.86,23.83,25.13,23.72,22.66,2.47
2025-09-26,S5,湾口（横須賀沖）,35.32,139.785,23.43,24.73,23.32,22.26,2.47
2025-09-27,S1,湾奥（東京港沖）,35.605,139.825,24.05,25.32,23.99,22.85,2.47
2025-09-27,S2,千葉沖,35.555,139.94,23.85,25.12,23.79,22.65,2.47
2025-09-27,S3,川崎沖,35.51,139.78,23.6,24.87,23.54,22.4,2.47
2025-09-27,S4,湾中央,35.43,139.86,23.7,24.97,23.64,22.5,2.47
2025-09-27,S5,湾口（横須賀沖）,35.32,139.785,23.3,24.57,23.24,22.1,2.47
2025-09-28,S1,湾奥（東京港沖）,35.605,139.825,23.79,25.17,23.62,22.58,2.59
2025-09-28,S2,千葉沖,35.555,139.94,23.59,24.97,23.42,22.38,2.59
2025-09-28,S3,川崎沖,35.51,139.78,23.34,24.72,23.17,22.13,2.59
2025-09-28,S4,湾中央,35.43,139.86,23.44,24.82,23.27,22.23,2.59
2025-09-28,S5,湾口（横須賀沖）,35.32,139.785,23.04,24.42,22.87,21.83,2.59
2025-09-29,S1,湾奥（東京港沖）,35.605,139.825,24.34,25.23,24.39,23.39,1.84
2025-09-29,S2,千葉沖,35.555,139.94,24.14,25.03,24.19,23.19,1.84
2025-09-29,S3,川崎沖,35.51,139.78,23.89,24.78,23.94,22.94,1.84
2025-09-29,S4,湾中央,35.43,139.86,23.99,24.88,24.04,23.04,1.84
2025-09-29,S5,湾口（横須賀沖）,35.32,139.785,23.59,24.48,23.64,22.64,1.84
2025-09-30,S1,湾奥（東京港沖）,35.605,139.825,24.44,25.18,24.63,23.51,1.67
2025-09-30,S2,千葉沖,35.555,139.94,24.24,24.98,24.43,23.31,1.67
2025-09-30,S3,川崎沖,35.51,139.78,23.99,24.73,24.18,23.06,1.67
2025-09-30,S4,湾中央,35.43,139.86,24.09,24.83,24.28,23.16,1.67
2025-09-30,S5,湾口（横須賀沖）,35.32,139.785,23.69,24.43,23.88,22.76,1.67
2025-10-01,S1,湾奥（東京港沖）,35.605,139.825,23.81,24.83,23.85,22.76,2.07
2025-10-01,S2,千葉沖,35.555,139.94,23.61,24.63,23.65,22.56,2.07
2025-10-01,S3,川崎沖,35.51,139.78,23.36,24.38,23.4,22.31,2.07
2025-10-01,S4,湾中央,35.43,139.86,23.46,24.48,23.5,22.41,2.07
2025-10-01,S5,湾口（横須賀沖）,35.32,139.785,23.06,24.08,23.1,22.01,2.07
2025-10-02,S1,湾奥（東京港沖）,35.605,139.825,23.54,24.7,23.5,22.41,2.29
2025-10-02,S2,千葉沖,35.555,139.94,23.34,24.5,23.3,22.21,2.29
2025-10-02,S3,川崎沖,35.51,139.78,23.09,24.25,23.05,21.96,2.29
2025-10-02,S4,湾中央,35.43,139.86,23.19,24.35,23.15,22.06,2.29
2025-10-02,S5,湾口（横須賀沖）,35.32,139.785,22.79,23.95,22.75,21.66,2.29
2025-10-03,S1,湾奥（東京港沖）,35.605,139.825,23.56,24.6,23.66,22.43,2.17
2025-10-03,S2,千葉沖,35.555,139.94,23.36,24.4,23.46,22.23,2.17
2025-10-03,S3,川崎沖,35.51,139.78,23.11,24.15,23.21,21.98,2.17
2025-10-03,S4,湾中央,35.43,139.86,23.21,24.25,23.31,22.08,2.17
2025-10-03,S5,湾口（横須賀沖）,35.32,139.785,22.81,23.85,22.91,21.68,2.17
2025-10-04,S1,湾奥（東京港沖）,35.605,139.825,23.35,24.3,23.48,22.25,2.05
2025-10-04,S2,千葉沖,35.555,139.94,23.15,24.1,23.28,22.05,2.05
2025-10-04,S3,川崎沖,35.51,139.78,22.9,23.85,23.03,21.8,2.05
2025-10-04,S4,湾中央,35.43,139.86,23.0,23.95,23.13,21.9,2.05
2025-10-04,S5,湾口（横須賀沖）,35.32,139.785,22.6,23.55,22.73,21.5,2.05
2025-10-05,S1,湾奥（東京港沖）,35.605,139.825,23.26,24.42,23.25,22.1,2.32
2025-10-05,S2,千葉沖,35.555,139.94,23.06,24.22,23.05,21.9,2.32
2025-10-05,S3,川崎沖,35.51,139.78,22.81,23.97,22.8,21.65,2.32
2025-10-05,S4,湾中央,35.43,139.86,22.91,24.07,22.9,21.75,2.32
2025-10-05,S5,湾口（横須賀沖）,35.32,139.785,22.51,23.67,22.5,21.35,2.32
2025-10-06,S1,湾奥（東京港沖）,35.605,139.825,23.53,24.65,23.55,22.39,2.26
2025-10-06,S2,千葉沖,35.555,139.94,23.33,24.45,23.35,22.19,2.26
2025-10-06,S3,川崎沖,35.51,139.78,23.08,24.2,23.1,21.94,2.26
2025-10-06,S4,湾中央,35.43,139.86,23.18,24.3,23.2,22.04,2.26
2025-10-06,S5,湾口（横須賀沖）,35.32,139.785,22.78,23.9,22.8,21.64,2.26
2025-10-07,S1,湾奥（東京港沖）,35.605,139.825,23.17,23.92,23.24,22.34,1.58
2025-10-07,S2,千葉沖,35.555,139.94,22.97,23.72,23.04,22.14,1.58
2025-10-07,S3,川崎沖,35.51,139.78,22.72,23.47,22.79,21.89,1.58
2025-10-07,S4,湾中央,35.43,139.86,22.82,23.57,22.89,21.99,1.58
2025-10-07,S5,湾口（横須賀沖）,35.32,139.785,22.42,23.17,22.49,21.59,1.58
2025-10-08,S1,湾奥（東京港沖）,35.605,139.825,22.87,23.66,22.93,22.05,1.61
2025-10-08,S2,千葉沖,35.555,139.94,22.68,23.46,22.73,21.85,1.61
2025-10-08,S3,川崎沖,35.51,139.78,22.43,23.21,22.48,21.6,1.61
2025-10-08,S4,湾中央,35.43,139.86,22.53,23.31,22.58,21.7,1.61
2025-10-08,S5,湾口（横須賀沖）,35.32,139.785,22.19,22.91,22.18,21.3,1.61
2025-10-09,S1,湾奥（東京港沖）,35.605,139.825,22.47,22.81,22.53,22.06,0.75
2025-10-09,S2,千葉沖,35.555,139.94,22.27,22.61,22.33,21.86,0.75
2025-10-09,S3,川崎沖,35.51,139.78,22.02,22.36,22.08,21.61,0.75
2025-10-09,S4,湾中央,35.43,139.86,22.12,22.46,22.18,21.71,0.75
2025-10-09,S5,湾口（横須賀沖）,35.32,139.785,21.72,22.06,21.78,21.31,0.75
2025-10-10,S1,湾奥（東京港沖）,35.605,139.825,22.16,22.43,22.14,21.91,0.52
2025-10-10,S2,千葉沖,35.555,139.94,21.96,22.23,21.94,21.71,0.52
2025-10-10,S3,川崎沖,35.51,139.78,21.71,21.98,21.69,21.46,0.52
2025-10-10,S4,湾中央,35.43,139.86,21.81,22.08,21.79,21.56,0.52
2025-10-10,S5,湾口（横須賀沖）,35.32,139.785,21.41,21.68,21.39,21.16,0.52
2025-10-11,S1,湾奥（東京港沖）,35.605,139.825,22.05,22.15,22.08,21.92,0.23
2025-10-11,S2,千葉沖,35.555,139.94,21.85,21.95,21.88,21.72,0.23
2025-10-11,S3,川崎沖,35.51,139.78,21.6,21.7,21.63,21.47,0.23
2025-10-11,S4,湾中央,35.43,139.86,21.7,21.8,21.73,21.57,0.23
2025-10-11,S5,湾口（横須賀沖）,35.32,139.785,21.3,21.4,21.33,21.17,0.23
2025-10-12,S1,湾奥（東京港沖）,35.605,139.825,22.01,22.08,22.02,21.92,0.16
2025-10-12,S2,千葉沖,35.555,139.94,21.81,21.88,21.82,21.72,0.16
2025-10-12,S3,川崎沖,35.51,139.78,21.56,21.63,21.57,21.47,0.16
2025-10-12,S4,湾中央,35.43,139.86,21.66,21.73,21.67,21.57,0.16
2025-10-12,S5,湾口（横須賀沖）,35.32,139.785,21.26,21.33,21.27,21.17,0.16
2025-10-13,S1,湾奥（東京港沖）,35.605,139.825,22.09,22.15,22.14,22.0,0.15
2025-10-13,S2,千葉沖,35.555,139.94,21.89,21.95,21.94,21.8,0.15
2025-10-13,S3,川崎沖,35.51,139.78,21.64,21.7,21.69,21.55,0.15
2025-10-13,S4,湾中央,35.43,139.86,21.74,21.8,21.79,21.65,0.15
2025-10-13,S5,湾口（横須賀沖）,35.32,139.785,21.34,21.4,21.39,21.25,0.15
2025-10-14,S1,湾奥（東京港沖）,35.605,139.825,21.92,21.86,21.95,21.95,-0.09
2025-10-14,S2,千葉沖,35.555,139.94,21.72,21.66,21.75,21.75,-0.09
2025-10-14,S3,川崎沖,35.51,139.78,21.47,21.41,21.5,21.5,-0.09
2025-10-14,S4,湾中央,35.43,139.86,21.57,21.51,21.6,21.6,-0.09
2025-10-14,S5,湾口（横須賀沖）,35.32,139.785,21.19,21.11,21.2,21.2,-0.09
2025-10-15,S1,湾奥（東京港沖）,35.605,139.825,21.67,21.57,21.67,21.76,-0.19
2025-10-15,S2,千葉沖,35.555,139.94,21.47,21.37,21.47,21.56,-0.19
2025-10-15,S3,川崎沖,35.51,139.78,21.22,21.12,21.22,21.31,-0.19
2025-10-15,S4,湾中央,35.43,139.86,21.32,21.22,21.32,21.41,-0.19
2025-10-15,S5,湾口（横須賀沖）,35.32,139.785,20.92,20.82,20.92,21.01,-0.19
2025-10-16,S1,湾奥（東京港沖）,35.605,139.825,21.65,21.55,21.62,21.78,-0.23
2025-10-16,S2,千葉沖,35.555,139.94,21.45,21.35,21.42,21.58,-0.23
2025-10-16,S3,川崎沖,35.51,139.78,21.2,21.1,21.17,21.33,-0.23
2025-10-16,S4,湾中央,35.43,139.86,21.3,21.2,21.27,21.43,-0.23
2025-10-16,S5,湾口（横須賀沖）,35.32,139.785,20.9,20.8,20.87,21.03,-0.23
2025-10-17,S1,湾奥（東京港沖）,35.605,139.825,21.74,21.67,21.71,21.85,-0.18
2025-10-17,S2,千葉沖,35.555,139.94,21.54,21.47,21.51,21.65,-0.18
2025-10-17,S3,川崎沖,35.51,139.78,21.29,21.22,21.26,21.4,-0.18
2025-10-17,S4,湾中央,35.43,139.86,21.39,21.32,21.36,21.5,-0.18
2025-10-17,S5,湾口（横須賀沖）,35.32,139.785,21.05,20.92,20.96,21.1,-0.18
2025-10-18,S1,湾奥（東京港沖）,35.605,139.825,21.86,21.87,21.85,21.87,0.0
2025-10-18,S2,千葉沖,35.555,139.94,21.66,21.67,21.65,21.67,0.0
2025-10-18,S3,川崎沖,35.51,139.78,21.41,21.42,21.4,21.42,0.0
2025-10-18,S4,湾中央,35.43,139.86,21.51,21.52,21.5,21.52,0.0
2025-10-18,S5,湾口（横須賀沖）,35.32,139.785,21.26,21.12,21.1,21.12,0.0
2025-10-19,S1,湾奥（東京港沖）,35.605,139.825,21.84,21.92,21.88,21.88,0.04
2025-10-19,S2,千葉沖,35.555,139.94,21.69,21.72,21.68,21.68,0.04
2025-10-19,S3,川崎沖,35.51,139.78,21.44,21.47,21.43,21.43,0.04
2025-10-19,S4,湾中央,35.43,139.86,21.54,21.57,21.53,21.53,0.04
2025-10-19,S5,湾口（横須賀沖）,35.32,139.785,21.35,21.17,21.13,21.13,0.04
2025-10-20,S1,湾奥（東京港沖）,35.605,139.825,21.69,21.62,21.68,21.83,-0.21
2025-10-20,S2,千葉沖,35.555,139.94,21.51,21.42,21.48,21.63,-0.21
2025-10-20,S3,川崎沖,35.51,139.78,21.26,21.17,21.23,21.38,-0.21
2025-10-20,S4,湾中央,35.43,139.86,21.36,21.27,21.33,21.48,-0.21
2025-10-20,S5,湾口（横須賀沖）,35.32,139.785,21.07,20.87,20.93,21.08,-0.21
2025-10-21,S1,湾奥（東京港沖）,35.605,139.825,21.22,21.13,21.17,21.35,-0.22
2025-10-21,S2,千葉沖,35.555,139.94,21.02,20.93,20.97,21.15,-0.22
2025-10-21,S3,川崎沖,35.51,139.78,20.77,20.68,20.72,20.9,-0.22
2025-10-21,S4,湾中央,35.43,139.86,20.87,20.78,20.82,21.0,-0.22
2025-10-21,S5,湾口（横須賀沖）,35.32,139.785,20.47,20.38,20.42,20.6,-0.22
2025-10-22,S1,湾奥（東京港沖）,35.605,139.825,20.77,20.75,20.71,20.86,-0.11
2025-10-22,S2,千葉沖,35.555,139.94,20.57,20.55,20.51,20.66,-0.11
2025-10-22,S3,川崎沖,35.51,139.78,20.32,20.3,20.26,20.41,-0.11
2025-10-22,S4,湾中央,35.43,139.86,20.42,20.4,20.36,20.51,-0.11
2025-10-22,S5,湾口（横須賀沖）,35.32,139.785,20.02,20.0,19.96,20.11,-0.11
2025-10-23,S1,湾奥（東京港沖）,35.605,139.825,20.43,20.39,20.37,20.55,-0.16
2025-10-23,S2,千葉沖,35.555,139.94,20.23,20.19,20.17,20.35,-0.16
2025-10-23,S3,川崎沖,35.51,139.78,19.98,19.94,19.92,20.1,-0.16
2025-10-23,S4,湾中央,35.43,139.86,20.08,20.04,20.02,20.2,-0.16
2025-10-23,S5,湾口（横須賀沖）,35.32,139.785,19.68,19.64,19.62,19.8,-0.16
2025-10-24,S1,湾奥（東京港沖）,35.605,139.825,20.04,20.01,20.0,20.11,-0.1
2025-10-24,S2,千葉沖,35.555,139.94,19.84,19.81,19.8,19.91,-0.1
2025-10-24,S3,川崎沖,35.51,139.78,19.59,19.56,19.55,19.66,-0.1
2025-10-24,S4,湾中央,35.43,139.86,19.69,19.66,19.65,19.76,-0.1
2025-10-24,S5,湾口（横須賀沖）,35.32,139.785,19.29,19.26,19.25,19.36,-0.1
2025-10-25,S1,湾奥（東京港沖）,35.605,139.825,19.87,19.84,19.87,19.88,-0.04
2025-10-25,S2,千葉沖,35.555,139.94,19.67,19.64,19.67,19.68,-0.04
2025-10-25,S3,川崎沖,35.51,139.78,19.42,19.39,19.42,19.43,-0.04
2025-10-25,S4,湾中央,35.43,139.86,19.52,19.49,19.52,19.53,-0.04
2025-10-25,S5,湾口（横須賀沖）,35.32,139.785,19.12,19.09,19.12,19.13,-0.04
2025-10-26,S1,湾奥（東京港沖）,35.605,139.825,19.71,19.6,19.73,19.8,-0.2
2025-10-26,S2,千葉沖,35.555,139.94,19.51,19.4,19.53,19.6,-0.2
2025-10-26,S3,川崎沖,35.51,139.78,19.26,19.15,19.28,19.35,-0.2
2025-10-26,S4,湾中央,35.43,139.86,19.36,19.25,19.38,19.45,-0.2
2025-10-26,S5,湾口（横須賀沖）,35.32,139.785,18.96,18.85,18.98,19.05,-0.2
2025-10-27,S1,湾奥（東京港沖）,35.605,139.825,19.74,19.7,19.85,20.01,-0.31
2025-10-27,S2,千葉沖,35.555,139.94,19.65,19.5,19.65,19.81,-0.31
2025-10-27,S3,川崎沖,35.51,139.78,19.4,19.25,19.4,19.56,-0.31
2025-10-27,S4,湾中央,35.43,139.86,19.5,19.35,19.5,19.66,-0.31
2025-10-27,S5,湾口（横須賀沖）,35.32,139.785,19.1,18.95,19.1,19.26,-0.31
2025-10-28,S1,湾奥（東京港沖）,35.605,139.825,19.71,19.65,19.8,20.0,-0.35
2025-10-28,S2,千葉沖,35.555,139.94,19.62,19.45,19.6,19.8,-0.35
2025-10-28,S3,川崎沖,35.51,139.78,19.37,19.2,19.35,19.55,-0.35
2025-10-28,S4,湾中央,35.43,139.86,19.47,19.3,19.45,19.65,-0.35
2025-10-28,S5,湾口（横須賀沖）,35.32,139.785,19.17,18.9,19.05,19.25,-0.35
2025-10-29,S1,湾奥（東京港沖）,35.605,139.825,19.35,19.23,19.27,19.54,-0.31
2025-10-29,S2,千葉沖,35.555,139.94,19.15,19.03,19.07,19.34,-0.31
2025-10-29,S3,川崎沖,35.51,139.78,18.9,18.78,18.82,19.09,-0.31
2025-10-29,S4,湾中央,35.43,139.86,19.0,18.88,18.92,19.19,-0.31
2025-10-29,S5,湾口（横須賀沖）,35.32,139.785,18.6,18.48,18.52,18.79,-0.31
2025-10-30,S1,湾奥（東京港沖）,35.605,139.825,18.86,18.73,18.8,19.06,-0.33
2025-10-30,S2,千葉沖,35.555,139.94,18.66,18.53,18.6,18.86,-0.33
2025-10-30,S3,川崎沖,35.51,139.78,18.41,18.28,18.35,18.61,-0.33
2025-10-30,S4,湾中央,35.43,139.86,18.51,18.38,18.45,18.71,-0.33
2025-10-30,S5,湾口（横須賀沖）,35.32,139.785,18.11,17.98,18.05,18.31,-0.33
2025-10-31,S1,湾奥（東京港沖）,35.605,139.825,18.9,18.72,18.9,19.07,-0.35
2025-10-31,S2,千葉沖,35.555,139.94,18.7,18.52,18.7,18.87,-0.35
2025-10-31,S3,川崎沖,35.51,139.78,18.45,18.27,18.45,18.62,-0.35
2025-10-31,S4,湾中央,35.43,139.86,18.55,18.37,18.55,18.72,-0.35
2025-10-31,S5,湾口（横須賀沖）,35.32,139.785,18.15,17.97,18.15,18.32,-0.35
2025-11-01,S1,湾奥（東京港沖）,35.605,139.825,18.93,18.9,19.01,19.14,-0.24
2025-11-01,S2,千葉沖,35.555,139.94,18.82,18.7,18.81,18.94,-0.24
2025-11-01,S3,川崎沖,35.51,139.78,18.57,18.45,18.56,18.69,-0.24
2025-11-01,S4,湾中央,35.43,139.86,18.67,18.55,18.66,18.79,-0.24
2025-11-01,S5,湾口（横須賀沖）,35.32,139.785,18.38,18.15,18.26,18.39,-0.24
2025-11-02,S1,湾奥（東京港沖）,35.605,139.825,18.83,18.74,18.91,19.18,-0.44
2025-11-02,S2,千葉沖,35.555,139.94,18.74,18.54,18.71,18.98,-0.44
2025-11-02,S3,川崎沖,35.51,139.78,18.49,18.29,18.46,18.73,-0.44
2025-11-02,S4,湾中央,35.43,139.86,18.59,18.39,18.56,18.83,-0.44
2025-11-02,S5,湾口（横須賀沖）,35.32,139.785,18.33,17.99,18.16,18.43,-0.44
2025-11-03,S1,湾奥（東京港沖）,35.605,139.825,18.77,18.64,18.8,19.19,-0.55
2025-11-03,S2,千葉沖,35.555,139.94,18.67,18.44,18.6,18.99,-0.55
2025-11-03,S3,川崎沖,35.51,139.78,18.42,18.19,18.35,18.74,-0.55
2025-11-03,S4,湾中央,35.43,139.86,18.52,18.29,18.45,18.84,-0.55
2025-11-03,S5,湾口（横須賀沖）,35.32,139.785,18.23,17.89,18.05,18.44,-0.55
2025-11-04,S1,湾奥（東京港沖）,35.605,139.825,18.55,18.34,18.48,18.85,-0.51
2025-11-04,S2,千葉沖,35.555,139.94,18.35,18.14,18.28,18.65,-0.51
2025-11-04,S3,川崎沖,35.51,139.78,18.1,17.89,18.03,18.4,-0.51
2025-11-04,S4,湾中央,35.43,139.86,18.2,17.99,18.13,18.5,-0.51
2025-11-04,S5,湾口（横須賀沖）,35.32,139.785,17.8,17.59,17.73,18.1,-0.51
2025-11-05,S1,湾奥（東京港沖）,35.605,139.825,18.38,18.17,18.36,18.6,-0.43
2025-11-05,S2,千葉沖,35.555,139.94,18.18,17.97,18.16,18.4,-0.43
2025-11-05,S3,川崎沖,35.51,139.78,17.93,17.72,17.91,18.15,-0.43
2025-11-05,S4,湾中央,35.43,139.86,18.03,17.82,18.01,18.25,-0.43
2025-11-05,S5,湾口（横須賀沖）,35.32,139.785,17.63,17.42,17.61,17.85,-0.43
2025-11-06,S1,湾奥（東京港沖）,35.605,139.825,18.18,18.06,18.12,18.34,-0.28
2025-11-06,S2,千葉沖,35.555,139.94,17.98,17.86,17.92,18.14,-0.28
2025-11-06,S3,川崎沖,35.51,139.78,17.73,17.61,17.67,17.89,-0.28
2025-11-06,S4,湾中央,35.43,139.86,17.83,17.71,17.77,17.99,-0.28
2025-11-06,S5,湾口（横須賀沖）,35.32,139.785,17.43,17.31,17.37,17.59,-0.28
2025-11-07,S1,湾奥（東京港沖）,35.605,139.825,18.03,17.93,17.96,18.19,-0.26
2025-11-07,S2,千葉沖,35.555,139.94,17.83,17.73,17.76,17.99,-0.26
2025-11-07,S3,川崎沖,35.51,139.78,17.58,17.48,17.51,17.74,-0.26
2025-11-07,S4,湾中央,35.43,139.86,17.68,17.58,17.61,17.84,-0.26
2025-11-07,S5,湾口（横須賀沖）,35.32,139.785,17.28,17.18,17.21,17.44,-0.26
2025-11-08,S1,湾奥（東京港沖）,35.605,139.825,17.75,17.68,17.74,17.83,-0.15
2025-11-08,S2,千葉沖,35.555,139.94,17.55,17.48,17.54,17.63,-0.15
2025-11-08,S3,川崎沖,35.51,139.78,17.3,17.23,17.29,17.38,-0.15
2025-11-08,S4,湾中央,35.43,139.86,17.4,17.33,17.39,17.48,-0.15
2025-11-08,S5,湾口（横須賀沖）,35.32,139.785,17.0,16.93,16.99,17.08,-0.15
2025-11-09,S1,湾奥（東京港沖）,35.605,139.825,17.5,17.45,17.57,17.67,-0.22
2025-11-09,S2,千葉沖,35.555,139.94,17.36,17.25,17.37,17.47,-0.22
2025-11-09,S3,川崎沖,35.51,139.78,17.11,17.0,17.12,17.22,-0.22
2025-11-09,S4,湾中央,35.43,139.86,17.21,17.1,17.22,17.32,-0.22
2025-11-09,S5,湾口（横須賀沖）,35.32,139.785,16.81,16.7,16.82,16.92,-0.22
2025-11-10,S1,湾奥（東京港沖）,35.605,139.825,17.52,17.45,17.55,17.66,-0.21
2025-11-10,S2,千葉沖,35.555,139.94,17.36,17.25,17.35,17.46,-0.21
2025-11-10,S3,川崎沖,35.51,139.78,17.11,17.0,17.1,17.21,-0.21
2025-11-10,S4,湾中央,35.43,139.86,17.21,17.1,17.2,17.31,-0.21
2025-11-10,S5,湾口（横須賀沖）,35.32,139.785,16.81,16.7,16.8,16.91,-0.21
2025-11-11,S1,湾奥（東京港沖）,35.605,139.825,17.35,17.13,17.34,17.63,-0.5
2025-11-11,S2,千葉沖,35.555,139.94,17.17,16.93,17.14,17.43,-0.5
2025-11-11,S3,川崎沖,35.51,139.78,16.92,16.68,16.89,17.18,-0.5
2025-11-11,S4,湾中央,35.43,139.86,17.02,16.78,16.99,17.28,-0.5
2025-11-11,S5,湾口（横須賀沖）,35.32,139.785,16.62,16.38,16.59,16.88,-0.5
2025-11-12,S1,湾奥（東京港沖）,35.605,139.825,16.99,16.71,16.83,17.42,-0.71
2025-11-12,S2,千葉沖,35.555,139.94,16.79,16.51,16.63,17.22,-0.71
2025-11-12,S3,川崎沖,35.51,139.78,16.54,16.26,16.38,16.97,-0.71
2025-11-12,S4,湾中央,35.43,139.86,16.64,16.36,16.48,17.07,-0.71
2025-11-12,S5,湾口（横須賀沖）,35.32,139.785,16.24,15.96,16.08,16.67,-0.71
2025-11-13,S1,湾奥（東京港沖）,35.605,139.825,16.94,16.5,16.84,17.47,-0.97
2025-11-13,S2,千葉沖,35.555,139.94,16.74,16.3,16.64,17.27,-0.97
2025-11-13,S3,川崎沖,35.51,139.78,16.49,16.05,16.39,17.02,-0.97
2025-11-13,S4,湾中央,35.43,139.86,16.59,16.15,16.49,17.12,-0.97
2025-11-13,S5,湾口（横須賀沖）,35.32,139.785,16.19,15.75,16.09,16.72,-0.97
2025-11-14,S1,湾奥（東京港沖）,35.605,139.825,16.97,16.58,16.8,17.55,-0.97
2025-11-14,S2,千葉沖,35.555,139.94,16.77,16.38,16.6,17.35,-0.97
2025-11-14,S3,川崎沖,35.51,139.78,16.52,16.13,16.35,17.1,-0.97
2025-11-14,S4,湾中央,35.43,139.86,16.62,16.23,16.45,17.2,-0.97
2025-11-14,S5,湾口（横須賀沖）,35.32,139.785,16.22,15.83,16.05,16.8,-0.97
2025-11-15,S1,湾奥（東京港沖）,35.605,139.825,16.98,16.69,16.75,17.51,-0.82
2025-11-15,S2,千葉沖,35.555,139.94,16.78,16.49,16.55,17.31,-0.82
2025-11-15,S3,川崎沖,35.51,139.78,16.53,16.24,16.3,17.06,-0.82
2025-11-15,S4,湾中央,35.43,139.86,16.63,16.34,16.4,17.16,-0.82
2025-11-15,S5,湾口（横須賀沖）,35.32,139.785,16.23,15.94,16.0,16.76,-0.82
2025-11-16,S1,湾奥（東京港沖）,35.605,139.825,17.01,16.64,16.85,17.54,-0.9
2025-11-16,S2,千葉沖,35.555,139.94,16.81,16.44,16.65,17.34,-0.9
2025-11-16,S3,川崎沖,35.51,139.78,16.56,16.19,16.4,17.09,-0.9
2025-11-16,S4,湾中央,35.43,139.86,16.66,16.29,16.5,17.19,-0.9
2025-11-16,S5,湾口（横須賀沖）,35.32,139.785,16.26,15.89,16.1,16.79,-0.9
2025-11-17,S1,湾奥（東京港沖）,35.605,139.825,17.05,16.68,16.88,17.58,-0.9
2025-11-17,S2,千葉沖,35.555,139.94,16.85,16.48,16.68,17.38,-0.9
2025-11-17,S3,川崎沖,35.51,139.78,16.6,16.23,16.43,17.13,-0.9
2025-11-17,S4,湾中央,35.43,139.86,16.7,16.33,16.53,17.23,-0.9
2025-11-17,S5,湾口（横須賀沖）,35.32,139.785,16.3,15.93,16.13,16.83,-0.9
2025-11-18,S1,湾奥（東京港沖）,35.605,139.825,17.0,16.66,16.9,17.45,-0.79
2025-11-18,S2,千葉沖,35.555,139.94,16.8,16.46,16.7,17.25,-0.79
2025-11-18,S3,川崎沖,35.51,139.78,16.55,16.21,16.45,17.0,-0.79
2025-11-18,S4,湾中央,35.43,139.86,16.65,16.31,16.55,17.1,-0.79
2025-11-18,S5,湾口（横須賀沖）,35.32,139.785,16.25,15.91,16.15,16.7,-0.79
2025-11-19,S1,湾奥（東京港沖）,35.605,139.825,16.76,16.36,16.6,17.32,-0.96
2025-11-19,S2,千葉沖,35.555,139.94,16.56,16.16,16.4,17.12,-0.96
2025-11-19,S3,川崎沖,35.51,139.78,16.31,15.91,16.15,16.87,-0.96
2025-11-19,S4,湾中央,35.43,139.86,16.41,16.01,16.25,16.97,-0.96
2025-11-19,S5,湾口（横須賀沖）,35.32,139.785,16.01,15.61,15.85,16.57,-0.96
2025-11-20,S1,湾奥（東京港沖）,35.605,139.825,16.62,16.19,16.47,17.21,-1.02
2025-11-20,S2,千葉沖,35.555,139.94,16.42,15.99,16.27,17.01,-1.02
2025-11-20,S3,川崎沖,35.51,139.78,16.17,15.74,16.02,16.76,-1.02
2025-11-20,S4,湾中央,35.43,139.86,16.27,15.84,16.12,16.86,-1.02
2025-11-20,S5,湾口（横須賀沖）,35.32,139.785,15.87,15.44,15.72,16.46,-1.02
2025-11-21,S1,湾奥（東京港沖）,35.605,139.825,16.55,16.09,16.45,17.12,-1.03
2025-11-21,S2,千葉沖,35.555,139.94,16.35,15.89,16.25,16.92,-1.03
2025-11-21,S3,川崎沖,35.51,139.78,16.1,15.64,16.0,16.67,-1.03
2025-11-21,S4,湾中央,35.43,139.86,16.2,15.74,16.1,16.77,-1.03
2025-11-21,S5,湾口（横須賀沖）,35.32,139.785,15.8,15.34,15.7,16.37,-1.03
2025-11-22,S1,湾奥（東京港沖）,35.605,139.825,16.55,16.16,16.41,17.1,-0.94
2025-11-22,S2,千葉沖,35.555,139.94,16.35,15.96,16.21,16.9,-0.94
2025-11-22,S3,川崎沖,35.51,139.78,16.1,15.71,15.96,16.65,-0.94
2025-11-22,S4,湾中央,35.43,139.86,16.2,15.81,16.06,16.75,-0.94
2025-11-22,S5,湾口（横須賀沖）,35.32,139.785,15.8,15.41,15.66,16.35,-0.94
2025-11-23,S1,湾奥（東京港沖）,35.605,139.825,16.41,16.02,16.23,16.99,-0.97
2025-11-23,S2,千葉沖,35.555,139.94,16.21,15.82,16.03,16.79,-0.97
2025-11-23,S3,川崎沖,35.51,139.78,15.96,15.57,15.78,16.54,-0.97
2025-11-23,S4,湾中央,35.43,139.86,16.06,15.67,15.88,16.64,-0.97
2025-11-23,S5,湾口（横須賀沖）,35.32,139.785,15.66,15.27,15.48,16.24,-0.97
2025-11-24,S1,湾奥（東京港沖）,35.605,139.825,16.42,16.03,16.19,17.04,-1.01
2025-11-24,S2,千葉沖,35.555,139.94,16.22,15.83,15.99,16.84,-1.01
2025-11-24,S3,川崎沖,35.51,139.78,15.97,15.58,15.74,16.59,-1.01
2025-11-24,S4,湾中央,35.43,139.86,16.07,15.68,15.84,16.69,-1.01
2025-11-24,S5,湾口（横須賀沖）,35.32,139.785,15.67,15.28,15.44,16.29,-1.01
2025-11-25,S1,湾奥（東京港沖）,35.605,139.825,16.39,15.85,16.26,17.06,-1.21
2025-11-25,S2,千葉沖,35.555,139.94,16.19,15.65,16.06,16.86,-1.21
2025-11-25,S3,川崎沖,35.51,139.78,15.94,15.4,15.81,16.61,-1.21
2025-11-25,S4,湾中央,35.43,139.86,16.04,15.5,15.91,16.71,-1.21
2025-11-25,S5,湾口（横須賀沖）,35.32,139.785,15.64,15.1,15.51,16.31,-1.21
2025-11-26,S1,湾奥（東京港沖）,35.605,139.825,16.38,15.73,16.26,17.14,-1.41
2025-11-26,S2,千葉沖,35.555,139.94,16.18,15.53,16.06,16.94,-1.41
2025-11-26,S3,川崎沖,35.51,139.78,15.93,15.28,15.81,16.69,-1.41
2025-11-26,S4,湾中央,35.43,139.86,16.03,15.38,15.91,16.79,-1.41
2025-11-26,S5,湾口（横須賀沖）,35.32,139.785,15.63,14.98,15.51,16.39,-1.41
2025-11-27,S1,湾奥（東京港沖）,35.605,139.825,16.36,15.79,16.07,17.21,-1.42
2025-11-27,S2,千葉沖,35.555,139.94,16.16,15.59,15.87,17.01,-1.42
2025-11-27,S3,川崎沖,35.51,139.78,15.91,15.34,15.62,16.76,-1.42
2025-11-27,S4,湾中央,35.43,139.86,16.01,15.44,15.72,16.86,-1.42
2025-11-27,S5,湾口（横須賀沖）,35.32,139.785,15.61,15.04,15.32,16.46,-1.42
2025-11-28,S1,湾奥（東京港沖）,35.605,139.825,16.41,15.97,16.19,17.07,-1.1
2025-11-28,S2,千葉沖,35.555,139.94,16.21,15.77,15.99,16.87,-1.1
2025-11-28,S3,川崎沖,35.51,139.78,15.96,15.52,15.74,16.62,-1.1
2025-11-28,S4,湾中央,35.43,139.86,16.06,15.62,15.84,16.72,-1.1
2025-11-28,S5,湾口（横須賀沖）,35.32,139.785,15.66,15.22,15.44,16.32,-1.1
2025-11-29,S1,湾奥（東京港沖）,35.605,139.825,16.18,15.77,15.95,16.81,-1.04
2025-11-29,S2,千葉沖,35.555,139.94,15.98,15.57,15.75,16.61,-1.04
2025-11-29,S3,川崎沖,35.51,139.78,15.73,15.32,15.5,16.36,-1.04
2025-11-29,S4,湾中央,35.43,139.86,15.83,15.42,15.6,16.46,-1.04
2025-11-29,S5,湾口（横須賀沖）,35.32,139.785,15.43,15.02,15.2,16.06,-1.04
2025-11-30,S1,湾奥（東京港沖）,35.605,139.825,16.05,15.73,15.77,16.66,-0.93
2025-11-30,S2,千葉沖,35.555,139.94,15.85,15.53,15.57,16.46,-0.93
2025-11-30,S3,川崎沖,35.51,139.78,15.6,15.28,15.32,16.21,-0.93
2025-11-30,S4,湾中央,35.43,139.86,15.7,15.38,15.42,16.31,-0.93
2025-11-30,S5,湾口（横須賀沖）,35.32,139.785,15.3,14.98,15.02,15.91,-0.93
2025-12-01,S1,湾奥（東京港沖）,35.605,139.825,15.99,15.63,15.8,16.54,-0.91
2025-12-01,S2,千葉沖,35.555,139.94,15.79,15.43,15.6,16.34,-0.91
2025-12-01,S3,川崎沖,35.51,139.78,15.54,15.18,15.35,16.09,-0.91
2025-12-01,S4,湾中央,35.43,139.86,15.64,15.28,15.45,16.19,-0.91
2025-12-01,S5,湾口（横須賀沖）,35.32,139.785,15.24,14.88,15.05,15.79,-0.91
2025-12-02,S1,湾奥（東京港沖）,35.605,139.825,16.12,15.77,15.99,16.6,-0.83
2025-12-02,S2,千葉沖,35.555,139.94,15.92,15.57,15.79,16.4,-0.83
2025-12-02,S3,川崎沖,35.51,139.78,15.67,15.32,15.54,16.15,-0.83
2025-12-02,S4,湾中央,35.43,139.86,15.77,15.42,15.64,16.25,-0.83
2025-12-02,S5,湾口（横須賀沖）,35.32,139.785,15.37,15.02,15.24,15.85,-0.83
2025-12-03,S1,湾奥（東京港沖）,35.605,139.825,16.13,15.73,15.96,16.7,-0.97
2025-12-03,S2,千葉沖,35.555,139.94,15.93,15.53,15.76,16.5,-0.97
2025-12-03,S3,川崎沖,35.51,139.78,15.68,15.28,15.51,16.25,-0.97
2025-12-03,S4,湾中央,35.43,139.86,15.78,15.38,15.61,16.35,-0.97
2025-12-03,S5,湾口（横須賀沖）,35.32,139.785,15.38,14.98,15.21,15.95,-0.97
2025-12-04,S1,湾奥（東京港沖）,35.605,139.825,15.82,15.53,15.67,16.27,-0.74
2025-12-04,S2,千葉沖,35.555,139.94,15.62,15.33,15.47,16.07,-0.74
2025-12-04,S3,川崎沖,35.51,139.78,15.37,15.08,15.22,15.82,-0.74
2025-12-04,S4,湾中央,35.43,139.86,15.47,15.18,15.32,15.92,-0.74
2025-12-04,S5,湾口（横須賀沖）,35.32,139.785,15.07,14.78,14.92,15.52,-0.74
2025-12-05,S1,湾奥（東京港沖）,35.605,139.825,15.5,15.28,15.42,15.8,-0.52
2025-12-05,S2,千葉沖,35.555,139.94,15.3,15.08,15.22,15.6,-0.52
2025-12-05,S3,川崎沖,35.51,139.78,15.05,14.83,14.97,15.35,-0.52
2025-12-05,S4,湾中央,35.43,139.86,15.15,14.93,15.07,15.45,-0.52
2025-12-05,S5,湾口（横須賀沖）,35.32,139.785,14.75,14.53,14.67,15.05,-0.52
2025-12-06,S1,湾奥（東京港沖）,35.605,139.825,15.31,15.05,15.2,15.68,-0.63
2025-12-06,S2,千葉沖,35.555,139.94,15.11,14.85,15.0,15.48,-0.63
2025-12-06,S3,川崎沖,35.51,139.78,14.86,14.6,14.75,15.23,-0.63
2025-12-06,S4,湾中央,35.43,139.86,14.96,14.7,14.85,15.33,-0.63
2025-12-06,S5,湾口（横須賀沖）,35.32,139.785,14.56,14.3,14.45,14.93,-0.63
2025-12-07,S1,湾奥（東京港沖）,35.605,139.825,15.02,14.88,14.98,15.21,-0.33
2025-12-07,S2,千葉沖,35.555,139.94,14.82,14.68,14.78,15.01,-0.33
2025-12-07,S3,川崎沖,35.51,139.78,14.57,14.43,14.53,14.76,-0.33
2025-12-07,S4,湾中央,35.43,139.86,14.67,14.53,14.63,14.86,-0.33
2025-12-07,S5,湾口（横須賀沖）,35.32,139.785,14.27,14.13,14.23,14.46,-0.33
2025-12-08,S1,湾奥（東京港沖）,35.605,139.825,15.05,14.83,15.04,15.28,-0.45
2025-12-08,S2,千葉沖,35.555,139.94,14.85,14.63,14.84,15.08,-0.45
2025-12-08,S3,川崎沖,35.51,139.78,14.6,14.38,14.59,14.83,-0.45
2025-12-08,S4,湾中央,35.43,139.86,14.7,14.48,14.69,14.93,-0.45
2025-12-08,S5,湾口（横須賀沖）,35.32,139.785,14.3,14.08,14.29,14.53,-0.45
2025-12-09,S1,湾奥（東京港沖）,35.605,139.825,15.06,14.9,14.99,15.27,-0.37
2025-12-09,S2,千葉沖,35.555,139.94,14.86,14.7,14.79,15.07,-0.37
2025-12-09,S3,川崎沖,35.51,139.78,14.61,14.45,14.54,14.82,-0.37
2025-12-09,S4,湾中央,35.43,139.86,14.71,14.55,14.64,14.92,-0.37
2025-12-09,S5,湾口（横須賀沖）,35.32,139.785,14.31,14.15,14.24,14.52,-0.37
2025-12-10,S1,湾奥（東京港沖）,35.605,139.825,15.02,14.77,14.96,15.33,-0.56
2025-12-10,S2,千葉沖,35.555,139.94,14.82,14.57,14.76,15.13,-0.56
2025-12-10,S3,川崎沖,35.51,139.78,14.57,14.32,14.51,14.88,-0.56
2025-12-10,S4,湾中央,35.43,139.86,14.67,14.42,14.61,14.98,-0.56
2025-12-10,S5,湾口（横須賀沖）,35.32,139.785,14.27,14.02,14.21,14.58,-0.56
2025-12-11,S1,湾奥（東京港沖）,35.605,139.825,14.92,14.7,14.83,15.24,-0.54
2025-12-11,S2,千葉沖,35.555,139.94,14.72,14.5,14.63,15.04,-0.54
2025-12-11,S3,川崎沖,35.51,139.78,14.47,14.25,14.38,14.79,-0.54
2025-12-11,S4,湾中央,35.43,139.86,14.57,14.35,14.48,14.89,-0.54
2025-12-11,S5,湾口（横須賀沖）,35.32,139.785,14.17,13.95,14.08,14.49,-0.54
2025-12-12,S1,湾奥（東京港沖）,35.605,139.825,14.55,14.52,14.57,14.56,-0.04
2025-12-12,S2,千葉沖,35.555,139.94,14.35,14.32,14.37,14.36,-0.04
2025-12-12,S3,川崎沖,35.51,139.78,14.1,14.07,14.12,14.11,-0.04
2025-12-12,S4,湾中央,35.43,139.86,14.2,14.17,14.22,14.21,-0.04
2025-12-12,S5,湾口（横須賀沖）,35.32,139.785,13.8,13.77,13.82,13.81,-0.04
2025-12-13,S1,湾奥（東京港沖）,35.605,139.825,13.83,13.88,13.84,13.77,0.11
2025-12-13,S2,千葉沖,35.555,139.94,13.63,13.68,13.64,13.57,0.11
2025-12-13,S3,川崎沖,35.51,139.78,13.38,13.43,13.39,13.32,0.11
2025-12-13,S4,湾中央,35.43,139.86,13.48,13.53,13.49,13.42,0.11
2025-12-13,S5,湾口（横須賀沖）,35.32,139.785,13.08,13.13,13.09,13.02,0.11
2025-12-14,S1,湾奥（東京港沖）,35.605,139.825,13.8,13.62,13.78,14.0,-0.38
2025-12-14,S2,千葉沖,35.555,139.94,13.6,13.42,13.58,13.8,-0.38
2025-12-14,S3,川崎沖,35.51,139.78,13.35,13.17,13.33,13.55,-0.38
2025-12-14,S4,湾中央,35.43,139.86,13.45,13.27,13.43,13.65,-0.38
2025-12-14,S5,湾口（横須賀沖）,35.32,139.785,13.05,12.87,13.03,13.25,-0.38
2025-12-15,S1,湾奥（東京港沖）,35.605,139.825,14.03,13.75,13.97,14.38,-0.63
2025-12-15,S2,千葉沖,35.555,139.94,13.83,13.55,13.77,14.18,-0.63
2025-12-15,S3,川崎沖,35.51,139.78,13.58,13.3,13.52,13.93,-0.63
2025-12-15,S4,湾中央,35.43,139.86,13.68,13.4,13.62,14.03,-0.63
2025-12-15,S5,湾口（横須賀沖）,35.32,139.785,13.28,13.0,13.22,13.63,-0.63
2025-12-16,S1,湾奥（東京港沖）,35.605,139.825,13.58,13.44,13.48,13.82,-0.38
2025-12-16,S2,千葉沖,35.555,139.94,13.38,13.24,13.28,13.62,-0.38
2025-12-16,S3,川崎沖,35.51,139.78,13.13,12.99,13.03,13.37,-0.38
2025-12-16,S4,湾中央,35.43,139.86,13.23,13.09,13.13,13.47,-0.38
2025-12-16,S5,湾口（横須賀沖）,35.32,139.785,12.83,12.69,12.73,13.07,-0.38
2025-12-17,S1,湾奥（東京港沖）,35.605,139.825,13.46,13.2,13.43,13.75,-0.55
2025-12-17,S2,千葉沖,35.555,139.94,13.26,13.0,13.23,13.55,-0.55
2025-12-17,S3,川崎沖,35.51,139.78,13.01,12.75,12.98,13.3,-0.55
2025-12-17,S4,湾中央,35.43,139.86,13.11,12.85,13.08,13.4,-0.55
2025-12-17,S5,湾口（横須賀沖）,35.32,139.785,12.71,12.45,12.68,13.0,-0.55
2025-12-18,S1,湾奥（東京港沖）,35.605,139.825,13.49,13.29,13.41,13.76,-0.47
2025-12-18,S2,千葉沖,35.555,139.94,13.29,13.09,13.21,13.56,-0.47
2025-12-18,S3,川崎沖,35.51,139.78,13.04,12.84,12.96,13.31,-0.47
2025-12-18,S4,湾中央,35.43,139.86,13.14,12.94,13.06,13.41,-0.47
2025-12-18,S5,湾口（横須賀沖）,35.32,139.785,12.74,12.54,12.66,13.01,-0.47
2025-12-19,S1,湾奥（東京港沖）,35.605,139.825,13.37,13.17,13.28,13.68,-0.51
2025-12-19,S2,千葉沖,35.555,139.94,13.17,12.97,13.08,13.48,-0.51
2025-12-19,S3,川崎沖,35.51,139.78,12.92,12.72,12.83,13.23,-0.51
2025-12-19,S4,湾中央,35.43,139.86,13.02,12.82,12.93,13.33,-0.51
2025-12-19,S5,湾口（横須賀沖）,35.32,139.785,12.62,12.42,12.53,12.93,-0.51
2025-12-20,S1,湾奥（東京港沖）,35.605,139.825,13.31,13.02,13.25,13.66,-0.64
2025-12-20,S2,千葉沖,35.555,139.94,13.11,12.82,13.05,13.46,-0.64
2025-12-20,S3,川崎沖,35.51,139.78,12.86,12.57,12.8,13.21,-0.64
2025-12-20,S4,湾中央,35.43,139.86,12.96,12.67,12.9,13.31,-0.64
2025-12-20,S5,湾口（横須賀沖）,35.32,139.785,12.56,12.27,12.5,12.91,-0.64
2025-12-21,S1,湾奥（東京港沖）,35.605,139.825,13.42,13.17,13.32,13.78,-0.61
2025-12-21,S2,千葉沖,35.555,139.94,13.22,12.97,13.12,13.58,-0.61
2025-12-21,S3,川崎沖,35.51,139.78,12.97,12.72,12.87,13.33,-0.61
2025-12-21,S4,湾中央,35.43,139.86,13.07,12.82,12.97,13.43,-0.61
2025-12-21,S5,湾口（横須賀沖）,35.32,139.785,12.67,12.42,12.57,13.03,-0.61
2025-12-22,S1,湾奥（東京港沖）,35.605,139.825,13.5,13.3,13.41,13.79,-0.49
2025-12-22,S2,千葉沖,35.555,139.94,13.3,13.1,13.21,13.59,-0.49
2025-12-22,S3,川崎沖,35.51,139.78,13.05,12.85,12.96,13.34,-0.49
2025-12-22,S4,湾中央,35.43,139.86,13.15,12.95,13.06,13.44,-0.49
2025-12-22,S5,湾口（横須賀沖）,35.32,139.785,12.75,12.55,12.66,13.04,-0.49
2025-12-23,S1,湾奥（東京港沖）,35.605,139.825,13.25,13.0,13.12,13.61,-0.61
2025-12-23,S2,千葉沖,35.555,139.94,13.05,12.8,12.92,13.41,-0.61
2025-12-23,S3,川崎沖,35.51,139.78,12.8,12.55,12.67,13.16,-0.61
2025-12-23,S4,湾中央,35.43,139.86,12.9,12.65,12.77,13.26,-0.61
2025-12-23,S5,湾口（横須賀沖）,35.32,139.785,12.5,12.25,12.37,12.86,-0.61
2025-12-24,S1,湾奥（東京港沖）,35.605,139.825,13.01,12.71,12.93,13.39,-0.68
2025-12-24,S2,千葉沖,35.555,139.94,12.81,12.51,12.73,13.19,-0.68
2025-12-24,S3,川崎沖,35.51,139.78,12.56,12.26,12.48,12.94,-0.68
2025-12-24,S4,湾中央,35.43,139.86,12.66,12.36,12.58,13.04,-0.68
2025-12-24,S5,湾口（横須賀沖）,35.32,139.785,12.26,11.96,12.18,12.64,-0.68
2025-12-25,S1,湾奥（東京港沖）,35.605,139.825,12.97,12.65,12.89,13.38,-0.73
2025-12-25,S2,千葉沖,35.555,139.94,12.77,12.45,12.69,13.18,-0.73
2025-12-25,S3,川崎沖,35.51,139.78,12.52,12.2,12.44,12.93,-0.73
2025-12-25,S4,湾中央,35.43,139.86,12.62,12.3,12.54,13.03,-0.73
2025-12-25,S5,湾口（横須賀沖）,35.32,139.785,12.22,11.9,12.14,12.63,-0.73
2025-12-26,S1,湾奥（東京港沖）,35.605,139.825,12.92,12.69,12.82,13.26,-0.57
2025-12-26,S2,千葉沖,35.555,139.94,12.72,12.49,12.62,13.06,-0.57
2025-12-26,S3,川崎沖,35.51,139.78,12.47,12.24,12.37,12.81,-0.57
2025-12-26,S4,湾中央,35.43,139.86,12.57,12.34,12.47,12.91,-0.57
2025-12-26,S5,湾口（横須賀沖）,35.32,139.785,12.17,11.94,12.07,12.51,-0.57
2025-12-27,S1,湾奥（東京港沖）,35.605,139.825,12.28,12.14,12.25,12.45,-0.31
2025-12-27,S2,千葉沖,35.555,139.94,12.08,11.94,12.05,12.25,-0.31
2025-12-27,S3,川崎沖,35.51,139.78,11.83,11.69,11.8,12.0,-0.31
2025-12-27,S4,湾中央,35.43,139.86,11.93,11.79,11.9,12.1,-0.31
2025-12-27,S5,湾口（横須賀沖）,35.32,139.785,11.53,11.39,11.5,11.7,-0.31
2025-12-28,S1,湾奥（東京港沖）,35.605,139.825,12.19,11.83,12.06,12.67,-0.84
2025-12-28,S2,千葉沖,35.555,139.94,11.99,11.63,11.86,12.47,-0.84
2025-12-28,S3,川崎沖,35.51,139.78,11.74,11.38,11.61,12.22,-0.84
2025-12-28,S4,湾中央,35.43,139.86,11.84,11.48,11.71,12.32,-0.84
2025-12-28,S5,湾口（横須賀沖）,35.32,139.785,11.44,11.08,11.31,11.92,-0.84
2025-12-29,S1,湾奥（東京港沖）,35.605,139.825,12.4,11.98,12.25,12.96,-0.98
2025-12-29,S2,千葉沖,35.555,139.94,12.2,11.78,12.05,12.76,-0.98
2025-12-29,S3,川崎沖,35.51,139.78,11.95,11.53,11.8,12.51,-0.98
2025-12-29,S4,湾中央,35.43,139.86,12.05,11.63,11.9,12.61,-0.98
2025-12-29,S5,湾口（横須賀沖）,35.32,139.785,11.65,11.23,11.5,12.21,-0.98
2025-12-30,S1,湾奥（東京港沖）,35.605,139.825,12.48,12.04,12.38,13.03,-0.99
2025-12-30,S2,千葉沖,35.555,139.94,12.28,11.84,12.18,12.83,-0.99
2025-12-30,S3,川崎沖,35.51,139.78,12.03,11.59,11.93,12.58,-0.99
2025-12-30,S4,湾中央,35.43,139.86,12.13,11.69,12.03,12.68,-0.99
2025-12-30,S5,湾口（横須賀沖）,35.32,139.785,11.73,11.29,11.63,12.28,-0.99
2025-12-31,S1,湾奥（東京港沖）,35.605,139.825,12.57,12.1,12.54,13.07,-0.97
2025-12-31,S2,千葉沖,35.555,139.94,12.37,11.9,12.34,12.87,-0.97
2025-12-31,S3,川崎沖,35.51,139.78,12.12,11.65,12.09,12.62,-0.97
2025-12-31,S4,湾中央,35.43,139.86,12.22,11.75,12.19,12.72,-0.97
2025-12-31,S5,湾口（横須賀沖）,35.32,139.785,11.82,11.35,11.79,12.32,-0.97
2026-01-01,S1,湾奥（東京港沖）,35.605,139.825,12.58,12.24,12.53,12.97,-0.73
2026-01-01,S2,千葉沖,35.555,139.94,12.38,12.04,12.33,12.77,-0.73
2026-01-01,S3,川崎沖,35.51,139.78,12.13,11.79,12.08,12.52,-0.73
2026-01-01,S4,湾中央,35.43,139.86,12.23,11.89,12.18,12.62,-0.73
2026-01-01,S5,湾口（横須賀沖）,35.32,139.785,11.83,11.49,11.78,12.22,-0.73
2026-01-02,S1,湾奥（東京港沖）,35.605,139.825,12.49,12.14,12.36,12.97,-0.83
2026-01-02,S2,千葉沖,35.555,139.94,12.29,11.94,12.16,12.77,-0.83
2026-01-02,S3,川崎沖,35.51,139.78,12.04,11.69,11.91,12.52,-0.83
2026-01-02,S4,湾中央,35.43,139.86,12.14,11.79,12.01,12.62,-0.83
2026-01-02,S5,湾口（横須賀沖）,35.32,139.785,11.74,11.39,11.61,12.22,-0.83
2026-01-03,S1,湾奥（東京港沖）,35.605,139.825,12.31,11.94,12.24,12.73,-0.79
2026-01-03,S2,千葉沖,35.555,139.94,12.11,11.74,12.04,12.53,-0.79
2026-01-03,S3,川崎沖,35.51,139.78,11.86,11.49,11.79,12.28,-0.79
2026-01-03,S4,湾中央,35.43,139.86,11.96,11.59,11.89,12.38,-0.79
2026-01-03,S5,湾口（横須賀沖）,35.32,139.785,11.56,11.19,11.49,11.98,-0.79
2026-01-04,S1,湾奥（東京港沖）,35.605,139.825,12.06,11.71,11.92,12.54,-0.83
2026-01-04,S2,千葉沖,35.555,139.94,11.86,11.51,11.72,12.34,-0.83
2026-01-04,S3,川崎沖,35.51,139.78,11.61,11.26,11.47,12.09,-0.83
2026-01-04,S4,湾中央,35.43,139.86,11.71,11.36,11.57,12.19,-0.83
2026-01-04,S5,湾口（横須賀沖）,35.32,139.785,11.31,10.96,11.17,11.79,-0.83
2026-01-05,S1,湾奥（東京港沖）,35.605,139.825,11.98,11.67,11.83,12.43,-0.76
2026-01-05,S2,千葉沖,35.555,139.94,11.78,11.47,11.63,12.23,-0.76
2026-01-05,S3,川崎沖,35.51,139.78,11.53,11.22,11.38,11.98,-0.76
2026-01-05,S4,湾中央,35.43,139.86,11.63,11.32,11.48,12.08,-0.76
2026-01-05,S5,湾口（横須賀沖）,35.32,139.785,11.23,10.92,11.08,11.68,-0.76
2026-01-06,S1,湾奥（東京港沖）,35.605,139.825,12.01,11.75,11.87,12.42,-0.67
2026-01-06,S2,千葉沖,35.555,139.94,11.81,11.55,11.67,12.22,-0.67
2026-01-06,S3,川崎沖,35.51,139.78,11.56,11.3,11.42,11.97,-0.67
2026-01-06,S4,湾中央,35.43,139.86,11.66,11.4,11.52,12.07,-0.67
2026-01-06,S5,湾口（横須賀沖）,35.32,139.785,11.26,11.0,11.12,11.67,-0.67
2026-01-07,S1,湾奥（東京港沖）,35.605,139.825,11.83,11.52,11.74,12.24,-0.72
2026-01-07,S2,千葉沖,35.555,139.94,11.63,11.32,11.54,12.04,-0.72
2026-01-07,S3,川崎沖,35.51,139.78,11.38,11.07,11.29,11.79,-0.72
2026-01-07,S4,湾中央,35.43,139.86,11.48,11.17,11.39,11.89,-0.72
2026-01-07,S5,湾口（横須賀沖）,35.32,139.785,11.08,10.77,10.99,11.49,-0.72
2026-01-08,S1,湾奥（東京港沖）,35.605,139.825,11.73,11.39,11.64,12.16,-0.77
2026-01-08,S2,千葉沖,35.555,139.94,11.53,11.19,11.44,11.96,-0.77
2026-01-08,S3,川崎沖,35.51,139.78,11.28,10.94,11.19,11.71,-0.77
2026-01-08,S4,湾中央,35.43,139.86,11.38,11.04,11.29,11.81,-0.77
2026-01-08,S5,湾口（横須賀沖）,35.32,139.785,10.98,10.64,10.89,11.41,-0.77
2026-01-09,S1,湾奥（東京港沖）,35.605,139.825,11.43,11.35,11.35,11.59,-0.24
2026-01-09,S2,千葉沖,35.555,139.94,11.23,11.15,11.15,11.39,-0.24
2026-01-09,S3,川崎沖,35.51,139.78,10.98,10.9,10.9,11.14,-0.24
2026-01-09,S4,湾中央,35.43,139.86,11.08,11.0,11.0,11.24,-0.24
2026-01-09,S5,湾口（横須賀沖）,35.32,139.785,10.68,10.6,10.6,10.84,-0.24
2026-01-10,S1,湾奥（東京港沖）,35.605,139.825,11.52,11.35,11.46,11.76,-0.41
2026-01-10,S2,千葉沖,35.555,139.94,11.32,11.15,11.26,11.56,-0.41
2026-01-10,S3,川崎沖,35.51,139.78,11.07,10.9,11.01,11.31,-0.41
2026-01-10,S4,湾中央,35.43,139.86,11.17,11.0,11.11,11.41,-0.41
2026-01-10,S5,湾口（横須賀沖）,35.32,139.785,10.77,10.6,10.71,11.01,-0.41
2026-01-11,S1,湾奥（東京港沖）,35.605,139.825,11.83,11.79,11.82,11.87,-0.08
2026-01-11,S2,千葉沖,35.555,139.94,11.63,11.59,11.62,11.67,-0.08
2026-01-11,S3,川崎沖,35.51,139.78,11.38,11.34,11.37,11.42,-0.08
2026-01-11,S4,湾中央,35.43,139.86,11.48,11.44,11.47,11.52,-0.08
2026-01-11,S5,湾口（横須賀沖）,35.32,139.785,11.08,11.04,11.07,11.12,-0.08
2026-01-12,S1,湾奥（東京港沖）,35.605,139.825,11.59,11.35,11.58,11.84,-0.49
2026-01-12,S2,千葉沖,35.555,139.94,11.39,11.15,11.38,11.64,-0.49
2026-01-12,S3,川崎沖,35.51,139.78,11.14,10.9,11.13,11.39,-0.49
2026-01-12,S4,湾中央,35.43,139.86,11.24,11.0,11.23,11.49,-0.49
2026-01-12,S5,湾口（横須賀沖）,35.32,139.785,10.84,10.6,10.83,11.09,-0.49
2026-01-13,S1,湾奥（東京港沖）,35.605,139.825,11.41,11.14,11.41,11.67,-0.53
2026-01-13,S2,千葉沖,35.555,139.94,11.21,10.94,11.21,11.47,-0.53
2026-01-13,S3,川崎沖,35.51,139.78,10.96,10.69,10.96,11.22,-0.53
2026-01-13,S4,湾中央,35.43,139.86,11.06,10.79,11.06,11.32,-0.53
2026-01-13,S5,湾口（横須賀沖）,35.32,139.785,10.66,10.39,10.66,10.92,-0.53
2026-01-14,S1,湾奥（東京港沖）,35.605,139.825,11.31,11.06,11.31,11.57,-0.51
2026-01-14,S2,千葉沖,35.555,139.94,11.11,10.86,11.11,11.37,-0.51
2026-01-14,S3,川崎沖,35.51,139.78,10.86,10.61,10.86,11.12,-0.51
2026-01-14,S4,湾中央,35.43,139.86,10.96,10.71,10.96,11.22,-0.51
2026-01-14,S5,湾口（横須賀沖）,35.32,139.785,10.56,10.31,10.56,10.82,-0.51
2026-01-15,S1,湾奥（東京港沖）,35.605,139.825,11.22,10.98,11.1,11.57,-0.59
2026-01-15,S2,千葉沖,35.555,139.94,11.02,10.78,10.9,11.37,-0.59
2026-01-15,S3,川崎沖,35.51,139.78,10.77,10.53,10.65,11.12,-0.59
2026-01-15,S4,湾中央,35.43,139.86,10.87,10.63,10.75,11.22,-0.59
2026-01-15,S5,湾口（横須賀沖）,35.32,139.785,10.47,10.23,10.35,10.82,-0.59
2026-01-16,S1,湾奥（東京港沖）,35.605,139.825,11.21,11.17,11.18,11.28,-0.11
2026-01-16,S2,千葉沖,35.555,139.94,11.01,10.97,10.98,11.08,-0.11
2026-01-16,S3,川崎沖,35.51,139.78,10.76,10.72,10.73,10.83,-0.11
2026-01-16,S4,湾中央,35.43,139.86,10.86,10.82,10.83,10.93,-0.11
2026-01-16,S5,湾口（横須賀沖）,35.32,139.785,10.46,10.42,10.43,10.53,-0.11
2026-01-17,S1,湾奥（東京港沖）,35.605,139.825,11.35,11.15,11.31,11.58,-0.43
2026-01-17,S2,千葉沖,35.555,139.94,11.15,10.95,11.11,11.38,-0.43
2026-01-17,S3,川崎沖,35.51,139.78,10.9,10.7,10.86,11.13,-0.43
2026-01-17,S4,湾中央,35.43,139.86,11.0,10.8,10.96,11.23,-0.43
2026-01-17,S5,湾口（横須賀沖）,35.32,139.785,10.6,10.4,10.56,10.83,-0.43
2026-01-18,S1,湾奥（東京港沖）,35.605,139.825,11.39,11.12,11.32,11.72,-0.6
2026-01-18,S2,千葉沖,35.555,139.94,11.19,10.92,11.12,11.52,-0.6
2026-01-18,S3,川崎沖,35.51,139.78,10.94,10.67,10.87,11.27,-0.6
2026-01-18,S4,湾中央,35.43,139.86,11.04,10.77,10.97,11.37,-0.6
2026-01-18,S5,湾口（横須賀沖）,35.32,139.785,10.64,10.37,10.57,10.97,-0.6
2026-01-19,S1,湾奥（東京港沖）,35.605,139.825,11.41,11.1,11.3,11.82,-0.72
2026-01-19,S2,千葉沖,35.555,139.94,11.21,10.9,11.1,11.62,-0.72
2026-01-19,S3,川崎沖,35.51,139.78,10.96,10.65,10.85,11.37,-0.72
2026-01-19,S4,湾中央,35.43,139.86,11.06,10.75,10.95,11.47,-0.72
2026-01-19,S5,湾口（横須賀沖）,35.32,139.785,10.66,10.35,10.55,11.07,-0.72
2026-01-20,S1,湾奥（東京港沖）,35.605,139.825,11.31,11.01,11.17,11.76,-0.75
2026-01-20,S2,千葉沖,35.555,139.94,11.11,10.81,10.97,11.56,-0.75
2026-01-20,S3,川崎沖,35.51,139.78,10.86,10.56,10.72,11.31,-0.75
2026-01-20,S4,湾中央,35.43,139.86,10.96,10.66,10.82,11.41,-0.75
2026-01-20,S5,湾口（横須賀沖）,35.32,139.785,10.56,10.26,10.42,11.01,-0.75
2026-01-21,S1,湾奥（東京港沖）,35.605,139.825,11.02,10.71,10.89,11.47,-0.76
2026-01-21,S2,千葉沖,35.555,139.94,10.82,10.51,10.69,11.27,-0.76
2026-01-21,S3,川崎沖,35.51,139.78,10.57,10.26,10.44,11.02,-0.76
2026-01-21,S4,湾中央,35.43,139.86,10.67,10.36,10.54,11.12,-0.76
2026-01-21,S5,湾口（横須賀沖）,35.32,139.785,10.27,9.96,10.14,10.72,-0.76
2026-01-22,S1,湾奥（東京港沖）,35.605,139.825,10.76,10.49,10.61,11.19,-0.7
2026-01-22,S2,千葉沖,35.555,139.94,10.56,10.29,10.41,10.99,-0.7
2026-01-22,S3,川崎沖,35.51,139.78,10.31,10.04,10.16,10.74,-0.7
2026-01-22,S4,湾中央,35.43,139.86,10.41,10.14,10.26,10.84,-0.7
2026-01-22,S5,湾口（横須賀沖）,35.32,139.785,10.01,9.74,9.86,10.44,-0.7
2026-01-23,S1,湾奥（東京港沖）,35.605,139.825,10.49,10.32,10.41,10.75,-0.43
2026-01-23,S2,千葉沖,35.555,139.94,10.29,10.12,10.21,10.55,-0.43
2026-01-23,S3,川崎沖,35.51,139.78,10.04,9.87,9.96,10.3,-0.43
2026-01-23,S4,湾中央,35.43,139.86,10.14,9.97,10.06,10.4,-0.43
2026-01-23,S5,湾口（横須賀沖）,35.32,139.785,9.74,9.57,9.66,10.0,-0.43
2026-01-24,S1,湾奥（東京港沖）,35.605,139.825,10.31,10.14,10.24,10.55,-0.41
2026-01-24,S2,千葉沖,35.555,139.94,10.11,9.94,10.04,10.35,-0.41
2026-01-24,S3,川崎沖,35.51,139.78,9.86,9.69,9.79,10.1,-0.41
2026-01-24,S4,湾中央,35.43,139.86,9.96,9.79,9.89,10.2,-0.41
2026-01-24,S5,湾口（横須賀沖）,35.32,139.785,9.56,9.39,9.49,9.8,-0.41
2026-01-25,S1,湾奥（東京港沖）,35.605,139.825,10.23,10.11,10.17,10.41,-0.3
2026-01-25,S2,千葉沖,35.555,139.94,10.03,9.91,9.97,10.21,-0.3
2026-01-25,S3,川崎沖,35.51,139.78,9.78,9.66,9.72,9.96,-0.3
2026-01-25,S4,湾中央,35.43,139.86,9.88,9.76,9.82,10.06,-0.3
2026-01-25,S5,湾口（横須賀沖）,35.32,139.785,9.48,9.36,9.42,9.66,-0.3
2026-01-26,S1,湾奥（東京港沖）,35.605,139.825,10.05,9.9,9.99,10.24,-0.34
2026-01-26,S2,千葉沖,35.555,139.94,9.85,9.7,9.79,10.04,-0.34
2026-01-26,S3,川崎沖,35.51,139.78,9.6,9.45,9.54,9.79,-0.34
2026-01-26,S4,湾中央,35.43,139.86,9.7,9.55,9.64,9.89,-0.34
2026-01-26,S5,湾口（横須賀沖）,35.32,139.785,9.3,9.15,9.24,9.49,-0.34
2026-01-27,S1,湾奥（東京港沖）,35.605,139.825,9.98,9.76,9.84,10.35,-0.59
2026-01-27,S2,千葉沖,35.555,139.94,9.78,9.56,9.64,10.15,-0.59
2026-01-27,S3,川崎沖,35.51,139.78,9.53,9.31,9.39,9.9,-0.59
2026-01-27,S4,湾中央,35.43,139.86,9.63,9.41,9.49,10.0,-0.59
2026-01-27,S5,湾口（横須賀沖）,35.32,139.785,9.23,9.01,9.09,9.6,-0.59
2026-01-28,S1,湾奥（東京港沖）,35.605,139.825,10.06,9.71,9.95,10.52,-0.81
2026-01-28,S2,千葉沖,35.555,139.94,9.86,9.51,9.75,10.32,-0.81
2026-01-28,S3,川崎沖,35.51,139.78,9.61,9.26,9.5,10.07,-0.81
2026-01-28,S4,湾中央,35.43,139.86,9.71,9.36,9.6,10.17,-0.81
2026-01-28,S5,湾口（横須賀沖）,35.32,139.785,9.31,8.96,9.2,9.77,-0.81
2026-01-29,S1,湾奥（東京港沖）,35.605,139.825,10.17,9.78,9.97,10.75,-0.97
2026-01-29,S2,千葉沖,35.555,139.94,9.97,9.58,9.77,10.55,-0.97
2026-01-29,S3,川崎沖,35.51,139.78,9.72,9.33,9.52,10.3,-0.97
2026-01-29,S4,湾中央,35.43,139.86,9.82,9.43,9.62,10.4,-0.97
2026-01-29,S5,湾口（横須賀沖）,35.32,139.785,9.42,9.03,9.22,10.0,-0.97
2026-01-30,S1,湾奥（東京港沖）,35.605,139.825,10.29,9.91,10.11,10.85,-0.94
2026-01-30,S2,千葉沖,35.555,139.94,10.09,9.71,9.91,10.65,-0.94
2026-01-30,S3,川崎沖,35.51,139.78,9.84,9.46,9.66,10.4,-0.94
2026-01-30,S4,湾中央,35.43,139.86,9.94,9.56,9.76,10.5,-0.94
2026-01-30,S5,湾口（横須賀沖）,35.32,139.785,9.54,9.16,9.36,10.1,-0.94
2026-01-31,S1,湾奥（東京港沖）,35.605,139.825,10.19,9.88,10.03,10.66,-0.78
2026-01-31,S2,千葉沖,35.555,139.94,9.99,9.68,9.83,10.46,-0.78
2026-01-31,S3,川崎沖,35.51,139.78,9.74,9.43,9.58,10.21,-0.78
2026-01-31,S4,湾中央,35.43,139.86,9.84,9.53,9.68,10.31,-0.78
2026-01-31,S5,湾口（横須賀沖）,35.32,139.785,9.44,9.13,9.28,9.91,-0.78
2026-02-01,S1,湾奥（東京港沖）,35.605,139.825,10.06,9.77,9.89,10.5,-0.73
2026-02-01,S2,千葉沖,35.555,139.94,9.86,9.57,9.69,10.3,-0.73
2026-02-01,S3,川崎沖,35.51,139.78,9.61,9.32,9.44,10.05,-0.73
2026-02-01,S4,湾中央,35.43,139.86,9.71,9.42,9.54,10.15,-0.73
2026-02-01,S5,湾口（横須賀沖）,35.32,139.785,9.31,9.02,9.14,9.75,-0.73
2026-02-02,S1,湾奥（東京港沖）,35.605,139.825,10.04,9.78,9.86,10.48,-0.7
2026-02-02,S2,千葉沖,35.555,139.94,9.84,9.58,9.66,10.28,-0.7
2026-02-02,S3,川崎沖,35.51,139.78,9.59,9.33,9.41,10.03,-0.7
2026-02-02,S4,湾中央,35.43,139.86,9.69,9.43,9.51,10.13,-0.7
2026-02-02,S5,湾口（横須賀沖）,35.32,139.785,9.29,9.03,9.11,9.73,-0.7
2026-02-03,S1,湾奥（東京港沖）,35.605,139.825,10.17,9.88,10.05,10.6,-0.72
2026-02-03,S2,千葉沖,35.555,139.94,9.97,9.68,9.85,10.4,-0.72
2026-02-03,S3,川崎沖,35.51,139.78,9.72,9.43,9.6,10.15,-0.72
2026-02-03,S4,湾中央,35.43,139.86,9.82,9.53,9.7,10.25,-0.72
2026-02-03,S5,湾口（横須賀沖）,35.32,139.785,9.42,9.13,9.3,9.85,-0.72
2026-02-04,S1,湾奥（東京港沖）,35.605,139.825,10.19,9.96,10.09,10.53,-0.57
2026-02-04,S2,千葉沖,35.555,139.94,9.99,9.76,9.89,10.33,-0.57
2026-02-04,S3,川崎沖,35.51,139.78,9.74,9.51,9.64,10.08,-0.57
2026-02-04,S4,湾中央,35.43,139.86,9.84,9.61,9.74,10.18,-0.57
2026-02-04,S5,湾口（横須賀沖）,35.32,139.785,9.44,9.21,9.34,9.78,-0.57
2026-02-05,S1,湾奥（東京港沖）,35.605,139.825,10.35,10.15,10.27,10.65,-0.5
2026-02-05,S2,千葉沖,35.555,139.94,10.15,9.95,10.07,10.45,-0.5
2026-02-05,S3,川崎沖,35.51,139.78,9.9,9.7,9.82,10.2,-0.5
2026-02-05,S4,湾中央,35.43,139.86,10.0,9.8,9.92,10.3,-0.5
2026-02-05,S5,湾口（横須賀沖）,35.32,139.785,9.6,9.4,9.52,9.9,-0.5
2026-02-06,S1,湾奥（東京港沖）,35.605,139.825,10.4,10.21,10.28,10.69,-0.48
2026-02-06,S2,千葉沖,35.555,139.94,10.2,10.01,10.08,10.49,-0.48
2026-02-06,S3,川崎沖,35.51,139.78,9.95,9.76,9.83,10.24,-0.48
2026-02-06,S4,湾中央,35.43,139.86,10.05,9.86,9.93,10.34,-0.48
2026-02-06,S5,湾口（横須賀沖）,35.32,139.785,9.65,9.46,9.53,9.94,-0.48
2026-02-07,S1,湾奥（東京港沖）,35.605,139.825,10.27,10.02,10.12,10.68,-0.66
2026-02-07,S2,千葉沖,35.555,139.94,10.07,9.82,9.92,10.48,-0.66
2026-02-07,S3,川崎沖,35.51,139.78,9.82,9.57,9.67,10.23,-0.66
2026-02-07,S4,湾中央,35.43,139.86,9.92,9.67,9.77,10.33,-0.66
2026-02-07,S5,湾口（横須賀沖）,35.32,139.785,9.52,9.27,9.37,9.93,-0.66
2026-02-08,S1,湾奥（東京港沖）,35.605,139.825,10.0,9.71,9.83,10.48,-0.77
2026-02-08,S2,千葉沖,35.555,139.94,9.8,9.51,9.63,10.28,-0.77
2026-02-08,S3,川崎沖,35.51,139.78,9.55,9.26,9.38,10.03,-0.77
2026-02-08,S4,湾中央,35.43,139.86,9.65,9.36,9.48,10.13,-0.77
2026-02-08,S5,湾口（横須賀沖）,35.32,139.785,9.25,8.96,9.08,9.73,-0.77
2026-02-09,S1,湾奥（東京港沖）,35.605,139.825,9.55,9.37,9.58,9.72,-0.35
2026-02-09,S2,千葉沖,35.555,139.94,9.35,9.17,9.38,9.52,-0.35
2026-02-09,S3,川崎沖,35.51,139.78,9.1,8.92,9.13,9.27,-0.35
2026-02-09,S4,湾中央,35.43,139.86,9.2,9.02,9.23,9.37,-0.35
2026-02-09,S5,湾口（横須賀沖）,35.32,139.785,8.8,8.62,8.83,8.97,-0.35
2026-02-10,S1,湾奥（東京港沖）,35.605,139.825,9.47,9.2,9.39,9.82,-0.62
2026-02-10,S2,千葉沖,35.555,139.94,9.27,9.0,9.19,9.62,-0.62
2026-02-10,S3,川崎沖,35.51,139.78,9.02,8.75,8.94,9.37,-0.62
2026-02-10,S4,湾中央,35.43,139.86,9.12,8.85,9.04,9.47,-0.62
2026-02-10,S5,湾口（横須賀沖）,35.32,139.785,8.72,8.45,8.64,9.07,-0.62
2026-02-11,S1,湾奥（東京港沖）,35.605,139.825,9.55,9.41,9.43,9.79,-0.38
2026-02-11,S2,千葉沖,35.555,139.94,9.35,9.21,9.23,9.59,-0.38
2026-02-11,S3,川崎沖,35.51,139.78,9.1,8.96,8.98,9.34,-0.38
2026-02-11,S4,湾中央,35.43,139.86,9.2,9.06,9.08,9.44,-0.38
2026-02-11,S5,湾口（横須賀沖）,35.32,139.785,8.8,8.66,8.68,9.04,-0.38
2026-02-12,S1,湾奥（東京港沖）,35.605,139.825,9.62,9.37,9.49,10.0,-0.63
2026-02-12,S2,千葉沖,35.555,139.94,9.42,9.17,9.29,9.8,-0.63
2026-02-12,S3,川崎沖,35.51,139.78,9.17,8.92,9.04,9.55,-0.63
2026-02-12,S4,湾中央,35.43,139.86,9.27,9.02,9.14,9.65,-0.63
2026-02-12,S5,湾口（横須賀沖）,35.32,139.785,8.87,8.62,8.74,9.25,-0.63
2026-02-13,S1,湾奥（東京港沖）,35.605,139.825,9.73,9.48,9.58,10.12,-0.64
2026-02-13,S2,千葉沖,35.555,139.94,9.53,9.28,9.38,9.92,-0.64
2026-02-13,S3,川崎沖,35.51,139.78,9.28,9.03,9.13,9.67,-0.64
2026-02-13,S4,湾中央,35.43,139.86,9.38,9.13,9.23,9.77,-0.64
2026-02-13,S5,湾口（横須賀沖）,35.32,139.785,8.98,8.73,8.83,9.37,-0.64
2026-02-14,S1,湾奥（東京港沖）,35.605,139.825,9.89,9.75,9.75,10.17,-0.42
2026-02-14,S2,千葉沖,35.555,139.94,9.69,9.55,9.55,9.97,-0.42
2026-02-14,S3,川崎沖,35.51,139.78,9.44,9.3,9.3,9.72,-0.42
2026-02-14,S4,湾中央,35.43,139.86,9.54,9.4,9.4,9.82,-0.42
2026-02-14,S5,湾口（横須賀沖）,35.32,139.785,9.14,9.0,9.0,9.42,-0.42
2026-02-15,S1,湾奥（東京港沖）,35.605,139.825,10.23,10.21,10.09,10.38,-0.17
2026-02-15,S2,千葉沖,35.555,139.94,10.03,10.01,9.89,10.18,-0.17
2026-02-15,S3,川崎沖,35.51,139.78,9.78,9.76,9.64,9.93,-0.17
2026-02-15,S4,湾中央,35.43,139.86,9.88,9.86,9.74,10.03,-0.17
2026-02-15,S5,湾口（横須賀沖）,35.32,139.785,9.48,9.46,9.34,9.63,-0.17
2026-02-16,S1,湾奥（東京港沖）,35.605,139.825,10.36,10.35,10.25,10.47,-0.12
2026-02-16,S2,千葉沖,35.555,139.94,10.16,10.15,10.05,10.27,-0.12
2026-02-16,S3,川崎沖,35.51,139.78,9.91,9.9,9.8,10.02,-0.12
2026-02-16,S4,湾中央,35.43,139.86,10.01,10.0,9.9,10.12,-0.12
2026-02-16,S5,湾口（横須賀沖）,35.32,139.785,9.61,9.6,9.5,9.72,-0.12
2026-02-17,S1,湾奥（東京港沖）,35.605,139.825,10.36,10.2,10.25,10.62,-0.42
2026-02-17,S2,千葉沖,35.555,139.94,10.16,10.0,10.05,10.42,-0.42
2026-02-17,S3,川崎沖,35.51,139.78,9.91,9.75,9.8,10.17,-0.42
2026-02-17,S4,湾中央,35.43,139.86,10.01,9.85,9.9,10.27,-0.42
2026-02-17,S5,湾口（横須賀沖）,35.32,139.785,9.61,9.45,9.5,9.87,-0.42
2026-02-18,S1,湾奥（東京港沖）,35.605,139.825,10.46,10.3,10.26,10.82,-0.52
2026-02-18,S2,千葉沖,35.555,139.94,10.26,10.1,10.06,10.62,-0.52
2026-02-18,S3,川崎沖,35.51,139.78,10.01,9.85,9.81,10.37,-0.52
2026-02-18,S4,湾中央,35.43,139.86,10.11,9.95,9.91,10.47,-0.52
2026-02-18,S5,湾口（横須賀沖）,35.32,139.785,9.71,9.55,9.51,10.07,-0.52
2026-02-19,S1,湾奥（東京港沖）,35.605,139.825,10.3,10.12,10.2,10.58,-0.46
2026-02-19,S2,千葉沖,35.555,139.94,10.1,9.92,10.0,10.38,-0.46
2026-02-19,S3,川崎沖,35.51,139.78,9.85,9.67,9.75,10.13,-0.46
2026-02-19,S4,湾中央,35.43,139.86,9.95,9.77,9.85,10.23,-0.46
2026-02-19,S5,湾口（横須賀沖）,35.32,139.785,9.55,9.37,9.45,9.83,-0.46
2026-02-20,S1,湾奥（東京港沖）,35.605,139.825,10.36,10.09,10.25,10.74,-0.65
2026-02-20,S2,千葉沖,35.555,139.94,10.16,9.89,10.05,10.54,-0.65
2026-02-20,S3,川崎沖,35.51,139.78,9.91,9.64,9.8,10.29,-0.65
2026-02-20,S4,湾中央,35.43,139.86,10.01,9.74,9.9,10.39,-0.65
2026-02-20,S5,湾口（横須賀沖）,35.32,139.785,9.61,9.34,9.5,9.99,-0.65
2026-02-21,S1,湾奥（東京港沖）,35.605,139.825,10.49,10.36,10.33,10.79,-0.43
2026-02-21,S2,千葉沖,35.555,139.94,10.29,10.16,10.13,10.59,-0.43
2026-02-21,S3,川崎沖,35.51,139.78,10.04,9.91,9.88,10.34,-0.43
2026-02-21,S4,湾中央,35.43,139.86,10.14,10.01,9.98,10.44,-0.43
2026-02-21,S5,湾口（横須賀沖）,35.32,139.785,9.74,9.61,9.58,10.04,-0.43
2026-02-22,S1,湾奥（東京港沖）,35.605,139.825,10.64,10.64,10.52,10.85,-0.21
2026-02-22,S2,千葉沖,35.555,139.94,10.47,10.44,10.32,10.65,-0.21
2026-02-22,S3,川崎沖,35.51,139.78,10.22,10.19,10.07,10.4,-0.21
2026-02-22,S4,湾中央,35.43,139.86,10.32,10.29,10.17,10.5,-0.21
2026-02-22,S5,湾口（横須賀沖）,35.32,139.785,9.92,9.89,9.77,10.1,-0.21
2026-02-23,S1,湾奥（東京港沖）,35.605,139.825,10.94,10.94,10.92,10.94,0.0
2026-02-23,S2,千葉沖,35.555,139.94,10.74,10.74,10.72,10.74,0.0
2026-02-23,S3,川崎沖,35.51,139.78,10.49,10.49,10.47,10.49,0.0
2026-02-23,S4,湾中央,35.43,139.86,10.59,10.59,10.57,10.59,0.0
2026-02-23,S5,湾口（横須賀沖）,35.32,139.785,10.19,10.19,10.17,10.19,0.0
2026-02-24,S1,湾奥（東京港沖）,35.605,139.825,11.36,11.52,11.31,11.25,0.27
2026-02-24,S2,千葉沖,35.555,139.94,11.16,11.32,11.11,11.05,0.27
2026-02-24,S3,川崎沖,35.51,139.78,10.91,11.07,10.86,10.8,0.27
2026-02-24,S4,湾中央,35.43,139.86,11.01,11.17,10.96,10.9,0.27
2026-02-24,S5,湾口（横須賀沖）,35.32,139.785,10.61,10.77,10.56,10.5,0.27
2026-02-25,S1,湾奥（東京港沖）,35.605,139.825,11.36,11.47,11.29,11.34,0.13
2026-02-25,S2,千葉沖,35.555,139.94,11.16,11.27,11.09,11.14,0.13
2026-02-25,S3,川崎沖,35.51,139.78,10.91,11.02,10.84,10.89,0.13
2026-02-25,S4,湾中央,35.43,139.86,11.01,11.12,10.94,10.99,0.13
2026-02-25,S5,湾口（横須賀沖）,35.32,139.785,10.66,10.72,10.54,10.59,0.13
2026-02-26,S1,湾奥（東京港沖）,35.605,139.825,11.18,11.12,11.19,11.46,-0.34
2026-02-26,S2,千葉沖,35.555,139.94,11.05,10.92,10.99,11.26,-0.34
2026-02-26,S3,川崎沖,35.51,139.78,10.8,10.67,10.74,11.01,-0.34
2026-02-26,S4,湾中央,35.43,139.86,10.9,10.77,10.84,11.11,-0.34
2026-02-26,S5,湾口（横須賀沖）,35.32,139.785,10.54,10.37,10.44,10.71,-0.34
2026-02-27,S1,湾奥（東京港沖）,35.605,139.825,11.38,11.28,11.19,11.68,-0.4
2026-02-27,S2,千葉沖,35.555,139.94,11.18,11.08,10.99,11.48,-0.4
2026-02-27,S3,川崎沖,35.51,139.78,10.93,10.83,10.74,11.23,-0.4
2026-02-27,S4,湾中央,35.43,139.86,11.03,10.93,10.84,11.33,-0.4
2026-02-27,S5,湾口（横須賀沖）,35.32,139.785,10.63,10.53,10.44,10.93,-0.4
2026-02-28,S1,湾奥（東京港沖）,35.605,139.825,11.63,11.62,11.47,11.81,-0.19
2026-02-28,S2,千葉沖,35.555,139.94,11.43,11.42,11.27,11.61,-0.19
2026-02-28,S3,川崎沖,35.51,139.78,11.18,11.17,11.02,11.36,-0.19
2026-02-28,S4,湾中央,35.43,139.86,11.28,11.27,11.12,11.46,-0.19
2026-02-28,S5,湾口（横須賀沖）,35.32,139.785,10.99,10.87,10.72,11.06,-0.19
2026-03-01,S1,湾奥（東京港沖）,35.605,139.825,11.79,11.66,11.66,12.05,-0.39
2026-03-01,S2,千葉沖,35.555,139.94,11.59,11.46,11.46,11.85,-0.39
2026-03-01,S3,川崎沖,35.51,139.78,11.34,11.21,11.21,11.6,-0.39
2026-03-01,S4,湾中央,35.43,139.86,11.44,11.31,11.31,11.7,-0.39
2026-03-01,S5,湾口（横須賀沖）,35.32,139.785,11.13,10.91,10.91,11.3,-0.39
2026-03-02,S1,湾奥（東京港沖）,35.605,139.825,11.93,11.87,11.85,12.07,-0.2
2026-03-02,S2,千葉沖,35.555,139.94,11.73,11.67,11.65,11.87,-0.2
2026-03-02,S3,川崎沖,35.51,139.78,11.48,11.42,11.4,11.62,-0.2
2026-03-02,S4,湾中央,35.43,139.86,11.58,11.52,11.5,11.72,-0.2
2026-03-02,S5,湾口（横須賀沖）,35.32,139.785,11.25,11.12,11.1,11.32,-0.2
2026-03-03,S1,湾奥（東京港沖）,35.605,139.825,11.94,11.73,11.81,12.29,-0.56
2026-03-03,S2,千葉沖,35.555,139.94,11.74,11.53,11.61,12.09,-0.56
2026-03-03,S3,川崎沖,35.51,139.78,11.49,11.28,11.36,11.84,-0.56
2026-03-03,S4,湾中央,35.43,139.86,11.59,11.38,11.46,11.94,-0.56
2026-03-03,S5,湾口（横須賀沖）,35.32,139.785,11.21,10.98,11.06,11.54,-0.56
2026-03-04,S1,湾奥（東京港沖）,35.605,139.825,11.89,11.62,11.71,12.36,-0.74
2026-03-04,S2,千葉沖,35.555,139.94,11.7,11.42,11.51,12.16,-0.74
2026-03-04,S3,川崎沖,35.51,139.78,11.45,11.17,11.26,11.91,-0.74
2026-03-04,S4,湾中央,35.43,139.86,11.55,11.27,11.36,12.01,-0.74
2026-03-04,S5,湾口（横須賀沖）,35.32,139.785,11.15,10.87,10.96,11.61,-0.74
2026-03-05,S1,湾奥（東京港沖）,35.605,139.825,11.92,11.74,11.81,12.22,-0.48
2026-03-05,S2,千葉沖,35.555,139.94,11.72,11.54,11.61,12.02,-0.48
2026-03-05,S3,川崎沖,35.51,139.78,11.47,11.29,11.36,11.77,-0.48
2026-03-05,S4,湾中央,35.43,139.86,11.57,11.39,11.46,11.87,-0.48
2026-03-05,S5,湾口（横須賀沖）,35.32,139.785,11.17,10.99,11.06,11.47,-0.48
2026-03-06,S1,湾奥（東京港沖）,35.605,139.825,11.93,11.74,11.88,12.18,-0.44
2026-03-06,S2,千葉沖,35.555,139.94,11.73,11.54,11.68,11.98,-0.44
2026-03-06,S3,川崎沖,35.51,139.78,11.48,11.29,11.43,11.73,-0.44
2026-03-06,S4,湾中央,35.43,139.86,11.58,11.39,11.53,11.83,-0.44
2026-03-06,S5,湾口（横須賀沖）,35.32,139.785,11.42,10.99,11.13,11.43,-0.44
2026-03-07,S1,湾奥（東京港沖）,35.605,139.825,12.08,12.04,12.03,12.18,-0.14
2026-03-07,S2,千葉沖,35.555,139.94,11.88,11.84,11.83,11.98,-0.14
2026-03-07,S3,川崎沖,35.51,139.78,11.63,11.59,11.58,11.73,-0.14
2026-03-07,S4,湾中央,35.43,139.86,11.73,11.69,11.68,11.83,-0.14
2026-03-07,S5,湾口（横須賀沖）,35.32,139.785,11.57,11.29,11.28,11.43,-0.14
2026-03-08,S1,湾奥（東京港沖）,35.605,139.825,11.96,11.8,11.89,12.21,-0.41
2026-03-08,S2,千葉沖,35.555,139.94,11.77,11.6,11.69,12.01,-0.41
2026-03-08,S3,川崎沖,35.51,139.78,11.52,11.35,11.44,11.76,-0.41
2026-03-08,S4,湾中央,35.43,139.86,11.62,11.45,11.54,11.86,-0.41
2026-03-08,S5,湾口（横須賀沖）,35.32,139.785,11.42,11.05,11.14,11.46,-0.41
2026-03-09,S1,湾奥（東京港沖）,35.605,139.825,11.87,11.7,11.75,12.15,-0.45
2026-03-09,S2,千葉沖,35.555,139.94,11.67,11.5,11.55,11.95,-0.45
2026-03-09,S3,川崎沖,35.51,139.78,11.42,11.25,11.3,11.7,-0.45
2026-03-09,S4,湾中央,35.43,139.86,11.52,11.35,11.4,11.8,-0.45
2026-03-09,S5,湾口（横須賀沖）,35.32,139.785,11.2,10.95,11.0,11.4,-0.45
2026-03-10,S1,湾奥（東京港沖）,35.605,139.825,11.82,11.59,11.69,12.17,-0.58
2026-03-10,S2,千葉沖,35.555,139.94,11.62,11.39,11.49,11.97,-0.58
2026-03-10,S3,川崎沖,35.51,139.78,11.37,11.14,11.24,11.72,-0.58
2026-03-10,S4,湾中央,35.43,139.86,11.47,11.24,11.34,11.82,-0.58
2026-03-10,S5,湾口（横須賀沖）,35.32,139.785,11.07,10.84,10.94,11.42,-0.58
2026-03-11,S1,湾奥（東京港沖）,35.605,139.825,11.71,11.48,11.48,12.16,-0.68
2026-03-11,S2,千葉沖,35.555,139.94,11.51,11.28,11.28,11.96,-0.68
2026-03-11,S3,川崎沖,35.51,139.78,11.26,11.03,11.03,11.71,-0.68
2026-03-11,S4,湾中央,35.43,139.86,11.36,11.13,11.13,11.81,-0.68
2026-03-11,S5,湾口（横須賀沖）,35.32,139.785,10.96,10.73,10.73,11.41,-0.68
2026-03-12,S1,湾奥（東京港沖）,35.605,139.825,11.79,11.61,11.53,12.21,-0.6
2026-03-12,S2,千葉沖,35.555,139.94,11.59,11.41,11.33,12.01,-0.6
2026-03-12,S3,川崎沖,35.51,139.78,11.34,11.16,11.08,11.76,-0.6
2026-03-12,S4,湾中央,35.43,139.86,11.44,11.26,11.18,11.86,-0.6
2026-03-12,S5,湾口（横須賀沖）,35.32,139.785,11.04,10.86,10.78,11.46,-0.6
2026-03-13,S1,湾奥（東京港沖）,35.605,139.825,11.69,11.41,11.49,12.18,-0.77
2026-03-13,S2,千葉沖,35.555,139.94,11.49,11.21,11.29,11.98,-0.77
2026-03-13,S3,川崎沖,35.51,139.78,11.24,10.96,11.04,11.73,-0.77
2026-03-13,S4,湾中央,35.43,139.86,11.34,11.06,11.14,11.83,-0.77
2026-03-13,S5,湾口（横須賀沖）,35.32,139.785,10.94,10.66,10.74,11.43,-0.77
2026-03-14,S1,湾奥（東京港沖）,35.605,139.825,11.68,11.45,11.49,12.12,-0.67
2026-03-14,S2,千葉沖,35.555,139.94,11.48,11.25,11.29,11.92,-0.67
2026-03-14,S3,川崎沖,35.51,139.78,11.23,11.0,11.04,11.67,-0.67
2026-03-14,S4,湾中央,35.43,139.86,11.33,11.1,11.14,11.77,-0.67
2026-03-14,S5,湾口（横須賀沖）,35.32,139.785,10.93,10.7,10.74,11.37,-0.67
2026-03-15,S1,湾奥（東京港沖）,35.605,139.825,11.81,11.64,11.61,12.2,-0.56
2026-03-15,S2,千葉沖,35.555,139.94,11.61,11.44,11.41,12.0,-0.56
2026-03-15,S3,川崎沖,35.51,139.78,11.36,11.19,11.16,11.75,-0.56
2026-03-15,S4,湾中央,35.43,139.86,11.46,11.29,11.26,11.85,-0.56
2026-03-15,S5,湾口（横須賀沖）,35.32,139.785,11.06,10.89,10.86,11.45,-0.56
2026-03-16,S1,湾奥（東京港沖）,35.605,139.825,11.95,11.79,11.77,12.3,-0.51
2026-03-16,S2,千葉沖,35.555,139.94,11.75,11.59,11.57,12.1,-0.51
2026-03-16,S3,川崎沖,35.51,139.78,11.5,11.34,11.32,11.85,-0.51
2026-03-16,S4,湾中央,35.43,139.86,11.6,11.44,11.42,11.95,-0.51
2026-03-16,S5,湾口（横須賀沖）,35.32,139.785,11.2,11.04,11.02,11.55,-0.51
2026-03-17,S1,湾奥（東京港沖）,35.605,139.825,12.1,11.88,11.93,12.47,-0.59
2026-03-17,S2,千葉沖,35.555,139.94,11.9,11.68,11.73,12.27,-0.59
2026-03-17,S3,川崎沖,35.51,139.78,11.65,11.43,11.48,12.02,-0.59
2026-03-17,S4,湾中央,35.43,139.86,11.75,11.53,11.58,12.12,-0.59
2026-03-17,S5,湾口（横須賀沖）,35.32,139.785,11.35,11.13,11.18,11.72,-0.59
2026-03-18,S1,湾奥（東京港沖）,35.605,139.825,12.32,12.17,12.09,12.71,-0.54
2026-03-18,S2,千葉沖,35.555,139.94,12.12,11.97,11.89,12.51,-0.54
2026-03-18,S3,川崎沖,35.51,139.78,11.87,11.72,11.64,12.26,-0.54
2026-03-18,S4,湾中央,35.43,139.86,11.97,11.82,11.74,12.36,-0.54
2026-03-18,S5,湾口（横須賀沖）,35.32,139.785,11.57,11.42,11.34,11.96,-0.54
2026-03-19,S1,湾奥（東京港沖）,35.605,139.825,12.54,12.45,12.34,12.83,-0.38
2026-03-19,S2,千葉沖,35.555,139.94,12.34,12.25,12.14,12.63,-0.38
2026-03-19,S3,川崎沖,35.51,139.78,12.09,12.0,11.89,12.38,-0.38
2026-03-19,S4,湾中央,35.43,139.86,12.19,12.1,11.99,12.48,-0.38
2026-03-19,S5,湾口（横須賀沖）,35.32,139.785,11.79,11.7,11.59,12.08,-0.38
2026-03-20,S1,湾奥（東京港沖）,35.605,139.825,12.56,12.35,12.46,12.85,-0.5
2026-03-20,S2,千葉沖,35.555,139.94,12.36,12.15,12.26,12.65,-0.5
2026-03-20,S3,川崎沖,35.51,139.78,12.11,11.9,12.01,12.4,-0.5
2026-03-20,S4,湾中央,35.43,139.86,12.21,12.0,12.11,12.5,-0.5
2026-03-20,S5,湾口（横須賀沖）,35.32,139.785,11.81,11.6,11.71,12.1,-0.5
2026-03-21,S1,湾奥（東京港沖）,35.605,139.825,12.51,12.4,12.32,12.82,-0.42
2026-03-21,S2,千葉沖,35.555,139.94,12.31,12.2,12.12,12.62,-0.42
2026-03-21,S3,川崎沖,35.51,139.78,12.06,11.95,11.87,12.37,-0.42
2026-03-21,S4,湾中央,35.43,139.86,12.16,12.05,11.97,12.47,-0.42
2026-03-21,S5,湾口（横須賀沖）,35.32,139.785,11.76,11.65,11.57,12.07,-0.42
2026-03-22,S1,湾奥（東京港沖）,35.605,139.825,12.64,12.62,12.47,12.85,-0.23
2026-03-22,S2,千葉沖,35.555,139.94,12.44,12.42,12.27,12.65,-0.23
2026-03-22,S3,川崎沖,35.51,139.78,12.19,12.17,12.02,12.4,-0.23
2026-03-22,S4,湾中央,35.43,139.86,12.29,12.27,12.12,12.5,-0.23
2026-03-22,S5,湾口（横須賀沖）,35.32,139.785,11.92,11.87,11.72,12.1,-0.23
2026-03-23,S1,湾奥（東京港沖）,35.605,139.825,12.7,12.73,12.52,12.84,-0.11
2026-03-23,S2,千葉沖,35.555,139.94,12.5,12.53,12.32,12.64,-0.11
2026-03-23,S3,川崎沖,35.51,139.78,12.25,12.28,12.07,12.39,-0.11
2026-03-23,S4,湾中央,35.43,139.86,12.35,12.38,12.17,12.49,-0.11
2026-03-23,S5,湾口（横須賀沖）,35.32,139.785,11.97,11.98,11.77,12.09,-0.11
2026-03-24,S1,湾奥（東京港沖）,35.605,139.825,12.86,12.88,12.72,12.99,-0.11
2026-03-24,S2,千葉沖,35.555,139.94,12.66,12.68,12.52,12.79,-0.11
2026-03-24,S3,川崎沖,35.51,139.78,12.41,12.43,12.27,12.54,-0.11
2026-03-24,S4,湾中央,35.43,139.86,12.51,12.53,12.37,12.64,-0.11
2026-03-24,S5,湾口（横須賀沖）,35.32,139.785,12.25,12.13,11.97,12.24,-0.11
2026-03-25,S1,湾奥（東京港沖）,35.605,139.825,12.97,12.85,12.88,13.17,-0.32
2026-03-25,S2,千葉沖,35.555,139.94,12.77,12.65,12.68,12.97,-0.32
2026-03-25,S3,川崎沖,35.51,139.78,12.52,12.4,12.43,12.72,-0.32
2026-03-25,S4,湾中央,35.43,139.86,12.62,12.5,12.53,12.82,-0.32
2026-03-25,S5,湾口（横須賀沖）,35.32,139.785,12.31,12.1,12.13,12.42,-0.32
2026-03-26,S1,湾奥（東京港沖）,35.605,139.825,12.99,12.89,12.87,13.21,-0.32
2026-03-26,S2,千葉沖,35.555,139.94,12.79,12.69,12.67,13.01,-0.32
2026-03-26,S3,川崎沖,35.51,139.78,12.54,12.44,12.42,12.76,-0.32
2026-03-26,S4,湾中央,35.43,139.86,12.64,12.54,12.52,12.86,-0.32
2026-03-26,S5,湾口（横須賀沖）,35.32,139.785,12.41,12.14,12.12,12.46,-0.32
2026-03-27,S1,湾奥（東京港沖）,35.605,139.825,13.13,13.23,13.03,13.37,-0.14
2026-03-27,S2,千葉沖,35.555,139.94,13.01,13.03,12.83,13.17,-0.14
2026-03-27,S3,川崎沖,35.51,139.78,12.76,12.78,12.58,12.92,-0.14
2026-03-27,S4,湾中央,35.43,139.86,12.86,12.88,12.68,13.02,-0.14
2026-03-27,S5,湾口（横須賀沖）,35.32,139.785,12.46,12.48,12.28,12.62,-0.14
2026-03-28,S1,湾奥（東京港沖）,35.605,139.825,13.48,13.69,13.26,13.48,0.21
2026-03-28,S2,千葉沖,35.555,139.94,13.28,13.49,13.06,13.28,0.21
2026-03-28,S3,川崎沖,35.51,139.78,13.03,13.24,12.81,13.03,0.21
2026-03-28,S4,湾中央,35.43,139.86,13.13,13.34,12.91,13.13,0.21
2026-03-28,S5,湾口（横須賀沖）,35.32,139.785,12.73,12.94,12.51,12.73,0.21
2026-03-29,S1,湾奥（東京港沖）,35.605,139.825,13.79,14.3,13.54,13.53,0.77
2026-03-29,S2,千葉沖,35.555,139.94,13.59,14.1,13.34,13.33,0.77
2026-03-29,S3,川崎沖,35.51,139.78,13.34,13.85,13.09,13.08,0.77
2026-03-29,S4,湾中央,35.43,139.86,13.44,13.95,13.19,13.18,0.77
2026-03-29,S5,湾口（横須賀沖）,35.32,139.785,13.04,13.55,12.79,12.78,0.77
2026-03-30,S1,湾奥（東京港沖）,35.605,139.825,14.03,14.57,13.87,13.63,0.94
2026-03-30,S2,千葉沖,35.555,139.94,13.83,14.37,13.67,13.43,0.94
2026-03-30,S3,川崎沖,35.51,139.78,13.58,14.12,13.42,13.18,0.94
2026-03-30,S4,湾中央,35.43,139.86,13.68,14.22,13.52,13.28,0.94
2026-03-30,S5,湾口（横須賀沖）,35.32,139.785,13.28,13.82,13.12,12.88,0.94
2026-03-31,S1,湾奥（東京港沖）,35.605,139.825,14.21,14.39,14.23,14.01,0.38
2026-03-31,S2,千葉沖,35.555,139.94,14.01,14.19,14.03,13.81,0.38
2026-03-31,S3,川崎沖,35.51,139.78,13.76,13.94,13.78,13.56,0.38
2026-03-31,S4,湾中央,35.43,139.86,13.86,14.04,13.88,13.66,0.38
2026-03-31,S5,湾口（横須賀沖）,35.32,139.785,13.46,13.64,13.48,13.26,0.38
2026-04-01,S1,湾奥（東京港沖）,35.605,139.825,14.35,14.55,14.39,14.11,0.44
2026-04-01,S2,千葉沖,35.555,139.94,14.15,14.35,14.19,13.91,0.44
2026-04-01,S3,川崎沖,35.51,139.78,13.9,14.1,13.94,13.66,0.44
2026-04-01,S4,湾中央,35.43,139.86,14.0,14.2,14.04,13.76,0.44
2026-04-01,S5,湾口（横須賀沖）,35.32,139.785,13.6,13.8,13.64,13.36,0.44
2026-04-02,S1,湾奥（東京港沖）,35.605,139.825,14.08,14.32,14.25,14.0,0.32
2026-04-02,S2,千葉沖,35.555,139.94,13.99,14.12,14.05,13.8,0.32
2026-04-02,S3,川崎沖,35.51,139.78,13.74,13.87,13.8,13.55,0.32
2026-04-02,S4,湾中央,35.43,139.86,13.84,13.97,13.9,13.65,0.32
2026-04-02,S5,湾口（横須賀沖）,35.32,139.785,13.59,13.57,13.5,13.25,0.32
2026-04-03,S1,湾奥（東京港沖）,35.605,139.825,13.87,14.26,14.14,14.01,0.25
2026-04-03,S2,千葉沖,35.555,139.94,13.87,14.06,13.94,13.81,0.25
2026-04-03,S3,川崎沖,35.51,139.78,13.69,13.81,13.69,13.56,0.25
2026-04-03,S4,湾中央,35.43,139.86,13.79,13.91,13.79,13.66,0.25
2026-04-03,S5,湾口（横須賀沖）,35.32,139.785,13.62,13.51,13.39,13.26,0.25
2026-04-04,S1,湾奥（東京港沖）,35.605,139.825,14.02,14.3,14.28,14.13,0.17
2026-04-04,S2,千葉沖,35.555,139.94,14.02,14.1,14.08,13.93,0.17
2026-04-04,S3,川崎沖,35.51,139.78,13.79,13.85,13.83,13.68,0.17
2026-04-04,S4,湾中央,35.43,139.86,13.89,13.95,13.93,13.78,0.17
2026-04-04,S5,湾口（横須賀沖）,35.32,139.785,13.74,13.55,13.53,13.38,0.17
2026-04-05,S1,湾奥（東京港沖）,35.605,139.825,14.46,14.65,14.46,14.25,0.4
2026-04-05,S2,千葉沖,35.555,139.94,14.26,14.45,14.26,14.05,0.4
2026-04-05,S3,川崎沖,35.51,139.78,14.01,14.2,14.01,13.8,0.4
2026-04-05,S4,湾中央,35.43,139.86,14.11,14.3,14.11,13.9,0.4
2026-04-05,S5,湾口（横須賀沖）,35.32,139.785,13.84,13.9,13.71,13.5,0.4
2026-04-06,S1,湾奥（東京港沖）,35.605,139.825,14.91,15.32,14.9,14.5,0.82
2026-04-06,S2,千葉沖,35.555,139.94,14.71,15.12,14.7,14.3,0.82
2026-04-06,S3,川崎沖,35.51,139.78,14.46,14.87,14.45,14.05,0.82
2026-04-06,S4,湾中央,35.43,139.86,14.56,14.97,14.55,14.15,0.82
2026-04-06,S5,湾口（横須賀沖）,35.32,139.785,14.16,14.57,14.15,13.75,0.82
2026-04-07,S1,湾奥（東京港沖）,35.605,139.825,15.04,15.18,15.12,14.8,0.38
2026-04-07,S2,千葉沖,35.555,139.94,14.84,14.98,14.92,14.6,0.38
2026-04-07,S3,川崎沖,35.51,139.78,14.59,14.73,14.67,14.35,0.38
2026-04-07,S4,湾中央,35.43,139.86,14.69,14.83,14.77,14.45,0.38
2026-04-07,S5,湾口（横須賀沖）,35.32,139.785,14.29,14.43,14.37,14.05,0.38
2026-04-08,S1,湾奥（東京港沖）,35.605,139.825,14.61,14.81,14.66,14.55,0.26
2026-04-08,S2,千葉沖,35.555,139.94,14.48,14.61,14.46,14.35,0.26
2026-04-08,S3,川崎沖,35.51,139.78,14.23,14.36,14.21,14.1,0.26
2026-04-08,S4,湾中央,35.43,139.86,14.33,14.46,14.31,14.2,0.26
2026-04-08,S5,湾口（横須賀沖）,35.32,139.785,14.11,14.06,13.91,13.8,0.26
2026-04-09,S1,湾奥（東京港沖）,35.605,139.825,14.63,14.8,14.76,14.54,0.26
2026-04-09,S2,千葉沖,35.555,139.94,14.5,14.6,14.56,14.34,0.26
2026-04-09,S3,川崎沖,35.51,139.78,14.25,14.35,14.31,14.09,0.26
2026-04-09,S4,湾中央,35.43,139.86,14.35,14.45,14.41,14.19,0.26
2026-04-09,S5,湾口（横須賀沖）,35.32,139.785,14.14,14.05,14.01,13.79,0.26
2026-04-10,S1,湾奥（東京港沖）,35.605,139.825,14.84,14.96,14.95,14.72,0.24
2026-04-10,S2,千葉沖,35.555,139.94,14.67,14.76,14.75,14.52,0.24
2026-04-10,S3,川崎沖,35.51,139.78,14.42,14.51,14.5,14.27,0.24
2026-04-10,S4,湾中央,35.43,139.86,14.52,14.61,14.6,14.37,0.24
2026-04-10,S5,湾口（横須賀沖）,35.32,139.785,14.19,14.21,14.2,13.97,0.24
2026-04-11,S1,湾奥（東京港沖）,35.605,139.825,15.31,15.87,15.17,14.89,0.98
2026-04-11,S2,千葉沖,35.555,139.94,15.11,15.67,14.97,14.69,0.98
2026-04-11,S3,川崎沖,35.51,139.78,14.86,15.42,14.72,14.44,0.98
2026-04-11,S4,湾中央,35.43,139.86,14.96,15.52,14.82,14.54,0.98
2026-04-11,S5,湾口（横須賀沖）,35.32,139.785,14.56,15.12,14.42,14.14,0.98
2026-04-12,S1,湾奥（東京港沖）,35.605,139.825,15.51,16.34,15.3,14.91,1.43
2026-04-12,S2,千葉沖,35.555,139.94,15.31,16.14,15.1,14.71,1.43
2026-04-12,S3,川崎沖,35.51,139.78,15.06,15.89,14.85,14.46,1.43
2026-04-12,S4,湾中央,35.43,139.86,15.16,15.99,14.95,14.56,1.43
2026-04-12,S5,湾口（横須賀沖）,35.32,139.785,14.76,15.59,14.55,14.16,1.43
2026-04-13,S1,湾奥（東京港沖）,35.605,139.825,15.59,16.54,15.41,14.82,1.72
2026-04-13,S2,千葉沖,35.555,139.94,15.39,16.34,15.21,14.62,1.72
2026-04-13,S3,川崎沖,35.51,139.78,15.14,16.09,14.96,14.37,1.72
2026-04-13,S4,湾中央,35.43,139.86,15.24,16.19,15.06,14.47,1.72
2026-04-13,S5,湾口（横須賀沖）,35.32,139.785,14.84,15.79,14.66,14.07,1.72
2026-04-14,S1,湾奥（東京港沖）,35.605,139.825,15.86,17.06,15.59,14.92,2.14
2026-04-14,S2,千葉沖,35.555,139.94,15.66,16.86,15.39,14.72,2.14
2026-04-14,S3,川崎沖,35.51,139.78,15.41,16.61,15.14,14.47,2.14
2026-04-14,S4,湾中央,35.43,139.86,15.51,16.71,15.24,14.57,2.14
2026-04-14,S5,湾口（横須賀沖）,35.32,139.785,15.11,16.31,14.84,14.17,2.14
2026-04-15,S1,湾奥（東京港沖）,35.605,139.825,15.97,17.21,15.79,14.91,2.3
2026-04-15,S2,千葉沖,35.555,139.94,15.77,17.01,15.59,14.71,2.3
2026-04-15,S3,川崎沖,35.51,139.78,15.52,16.76,15.34,14.46,2.3
2026-04-15,S4,湾中央,35.43,139.86,15.62,16.86,15.44,14.56,2.3
2026-04-15,S5,湾口（横須賀沖）,35.32,139.785,15.22,16.46,15.04,14.16,2.3
2026-04-16,S1,湾奥（東京港沖）,35.605,139.825,15.72,16.64,15.64,14.88,1.76
2026-04-16,S2,千葉沖,35.555,139.94,15.52,16.44,15.44,14.68,1.76
2026-04-16,S3,川崎沖,35.51,139.78,15.27,16.19,15.19,14.43,1.76
2026-04-16,S4,湾中央,35.43,139.86,15.37,16.29,15.29,14.53,1.76
2026-04-16,S5,湾口（横須賀沖）,35.32,139.785,14.97,15.89,14.89,14.13,1.76
2026-04-17,S1,湾奥（東京港沖）,35.605,139.825,15.43,15.86,15.47,14.95,0.91
2026-04-17,S2,千葉沖,35.555,139.94,15.23,15.66,15.27,14.75,0.91
2026-04-17,S3,川崎沖,35.51,139.78,14.98,15.41,15.02,14.5,0.91
2026-04-17,S4,湾中央,35.43,139.86,15.08,15.51,15.12,14.6,0.91
2026-04-17,S5,湾口（横須賀沖）,35.32,139.785,14.78,15.11,14.72,14.2,0.91
2026-04-18,S1,湾奥（東京港沖）,35.605,139.825,15.63,16.42,15.45,15.02,1.4
2026-04-18,S2,千葉沖,35.555,139.94,15.43,16.22,15.25,14.82,1.4
2026-04-18,S3,川崎沖,35.51,139.78,15.18,15.97,15.0,14.57,1.4
2026-04-18,S4,湾中央,35.43,139.86,15.28,16.07,15.1,14.67,1.4
2026-04-18,S5,湾口（横須賀沖）,35.32,139.785,15.0,15.67,14.7,14.27,1.4
2026-04-19,S1,湾奥（東京港沖）,35.605,139.825,16.0,16.96,15.88,15.17,1.79
2026-04-19,S2,千葉沖,35.555,139.94,15.8,16.76,15.68,14.97,1.79
2026-04-19,S3,川崎沖,35.51,139.78,15.55,16.51,15.43,14.72,1.79
2026-04-19,S4,湾中央,35.43,139.86,15.65,16.61,15.53,14.82,1.79
2026-04-19,S5,湾口（横須賀沖）,35.32,139.785,15.34,16.21,15.13,14.42,1.79
2026-04-20,S1,湾奥（東京港沖）,35.605,139.825,16.6,17.72,16.42,15.65,2.07
2026-04-20,S2,千葉沖,35.555,139.94,16.4,17.52,16.22,15.45,2.07
2026-04-20,S3,川崎沖,35.51,139.78,16.15,17.27,15.97,15.2,2.07
2026-04-20,S4,湾中央,35.43,139.86,16.25,17.37,16.07,15.3,2.07
2026-04-20,S5,湾口（横須賀沖）,35.32,139.785,15.85,16.97,15.67,14.9,2.07
2026-04-21,S1,湾奥（東京港沖）,35.605,139.825,16.72,17.78,16.63,15.76,2.02
2026-04-21,S2,千葉沖,35.555,139.94,16.52,17.58,16.43,15.56,2.02
2026-04-21,S3,川崎沖,35.51,139.78,16.27,17.33,16.18,15.31,2.02
2026-04-21,S4,湾中央,35.43,139.86,16.37,17.43,16.28,15.41,2.02
2026-04-21,S5,湾口（横須賀沖）,35.32,139.785,15.97,17.03,15.88,15.01,2.02
2026-04-22,S1,湾奥（東京港沖）,35.605,139.825,16.83,17.62,16.79,16.09,1.53
2026-04-22,S2,千葉沖,35.555,139.94,16.63,17.42,16.59,15.89,1.53
2026-04-22,S3,川崎沖,35.51,139.78,16.38,17.17,16.34,15.64,1.53
2026-04-22,S4,湾中央,35.43,139.86,16.48,17.27,16.44,15.74,1.53
2026-04-22,S5,湾口（横須賀沖）,35.32,139.785,16.08,16.87,16.04,15.34,1.53
2026-04-23,S1,湾奥（東京港沖）,35.605,139.825,16.93,17.51,17.08,16.21,1.3
2026-04-23,S2,千葉沖,35.555,139.94,16.73,17.31,16.88,16.01,1.3
2026-04-23,S3,川崎沖,35.51,139.78,16.48,17.06,16.63,15.76,1.3
2026-04-23,S4,湾中央,35.43,139.86,16.58,17.16,16.73,15.86,1.3
2026-04-23,S5,湾口（横須賀沖）,35.32,139.785,16.18,16.76,16.33,15.46,1.3
2026-04-24,S1,湾奥（東京港沖）,35.605,139.825,16.7,17.27,16.93,15.91,1.36
2026-04-24,S2,千葉沖,35.555,139.94,16.5,17.07,16.73,15.71,1.36
2026-04-24,S3,川崎沖,35.51,139.78,16.25,16.82,16.48,15.46,1.36
2026-04-24,S4,湾中央,35.43,139.86,16.35,16.92,16.58,15.56,1.36
2026-04-24,S5,湾口（横須賀沖）,35.32,139.785,15.95,16.52,16.18,15.16,1.36
2026-04-25,S1,湾奥（東京港沖）,35.605,139.825,16.55,17.16,16.65,15.83,1.33
2026-04-25,S2,千葉沖,35.555,139.94,16.35,16.96,16.45,15.63,1.33
2026-04-25,S3,川崎沖,35.51,139.78,16.1,16.71,16.2,15.38,1.33
2026-04-25,S4,湾中央,35.43,139.86,16.2,16.81,16.3,15.48,1.33
2026-04-25,S5,湾口（横須賀沖）,35.32,139.785,15.8,16.41,15.9,15.08,1.33
2026-04-26,S1,湾奥（東京港沖）,35.605,139.825,16.57,17.43,16.57,15.7,1.73
2026-04-26,S2,千葉沖,35.555,139.94,16.37,17.23,16.37,15.5,1.73
2026-04-26,S3,川崎沖,35.51,139.78,16.12,16.98,16.12,15.25,1.73
2026-04-26,S4,湾中央,35.43,139.86,16.22,17.08,16.22,15.35,1.73
2026-04-26,S5,湾口（横須賀沖）,35.32,139.785,15.82,16.68,15.82,14.95,1.73
2026-04-27,S1,湾奥（東京港沖）,35.605,139.825,16.47,17.23,16.42,15.75,1.48
2026-04-27,S2,千葉沖,35.555,139.94,16.27,17.03,16.22,15.55,1.48
2026-04-27,S3,川崎沖,35.51,139.78,16.02,16.78,15.97,15.3,1.48
2026-04-27,S4,湾中央,35.43,139.86,16.12,16.88,16.07,15.4,1.48
2026-04-27,S5,湾口（横須賀沖）,35.32,139.785,15.72,16.48,15.67,15.0,1.48
2026-04-28,S1,湾奥（東京港沖）,35.605,139.825,16.62,17.25,16.94,16.1,1.15
2026-04-28,S2,千葉沖,35.555,139.94,16.56,17.05,16.74,15.9,1.15
2026-04-28,S3,川崎沖,35.51,139.78,16.31,16.8,16.49,15.65,1.15
2026-04-28,S4,湾中央,35.43,139.86,16.41,16.9,16.59,15.75,1.15
2026-04-28,S5,湾口（横須賀沖）,35.32,139.785,16.02,16.5,16.19,15.35,1.15
2026-04-29,S1,湾奥（東京港沖）,35.605,139.825,16.98,17.41,17.3,16.58,0.83
2026-04-29,S2,千葉沖,35.555,139.94,16.9,17.21,17.1,16.38,0.83
2026-04-29,S3,川崎沖,35.51,139.78,16.65,16.96,16.85,16.13,0.83
2026-04-29,S4,湾中央,35.43,139.86,16.75,17.06,16.95,16.23,0.83
2026-04-29,S5,湾口（横須賀沖）,35.32,139.785,16.37,16.66,16.55,15.83,0.83
2026-04-30,S1,湾奥（東京港沖）,35.605,139.825,16.93,17.23,17.23,16.56,0.67
2026-04-30,S2,千葉沖,35.555,139.94,16.81,17.03,17.03,16.36,0.67
2026-04-30,S3,川崎沖,35.51,139.78,16.56,16.78,16.78,16.11,0.67
2026-04-30,S4,湾中央,35.43,139.86,16.66,16.88,16.88,16.21,0.67
2026-04-30,S5,湾口（横須賀沖）,35.32,139.785,16.26,16.48,16.48,15.81,0.67
2026-05-01,S1,湾奥（東京港沖）,35.605,139.825,16.74,16.97,17.01,16.43,0.54
2026-05-01,S2,千葉沖,35.555,139.94,16.6,16.77,16.81,16.23,0.54
2026-05-01,S3,川崎沖,35.51,139.78,16.35,16.52,16.56,15.98,0.54
2026-05-01,S4,湾中央,35.43,139.86,16.45,16.62,16.66,16.08,0.54
2026-05-01,S5,湾口（横須賀沖）,35.32,139.785,16.08,16.22,16.26,15.68,0.54
2026-05-02,S1,湾奥（東京港沖）,35.605,139.825,16.95,17.49,16.94,16.51,0.98
2026-05-02,S2,千葉沖,35.555,139.94,16.78,17.29,16.74,16.31,0.98
2026-05-02,S3,川崎沖,35.51,139.78,16.53,17.04,16.49,16.06,0.98
2026-05-02,S4,湾中央,35.43,139.86,16.63,17.14,16.59,16.16,0.98
2026-05-02,S5,湾口（横須賀沖）,35.32,139.785,16.27,16.74,16.19,15.76,0.98
2026-05-03,S1,湾奥（東京港沖）,35.605,139.825,17.32,17.95,17.28,16.71,1.24
2026-05-03,S2,千葉沖,35.555,139.94,17.12,17.75,17.08,16.51,1.24
2026-05-03,S3,川崎沖,35.51,139.78,16.87,17.5,16.83,16.26,1.24
2026-05-03,S4,湾中央,35.43,139.86,16.97,17.6,16.93,16.36,1.24
2026-05-03,S5,湾口（横須賀沖）,35.32,139.785,16.59,17.2,16.53,15.96,1.24
2026-05-04,S1,湾奥（東京港沖）,35.605,139.825,17.62,17.74,17.7,17.43,0.31
2026-05-04,S2,千葉沖,35.555,139.94,17.42,17.54,17.5,17.23,0.31
2026-05-04,S3,川崎沖,35.51,139.78,17.17,17.29,17.25,16.98,0.31
2026-05-04,S4,湾中央,35.43,139.86,17.27,17.39,17.35,17.08,0.31
2026-05-04,S5,湾口（横須賀沖）,35.32,139.785,16.95,16.99,16.95,16.68,0.31
2026-05-05,S1,湾奥（東京港沖）,35.605,139.825,17.66,17.9,17.62,17.45,0.45
2026-05-05,S2,千葉沖,35.555,139.94,17.46,17.7,17.42,17.25,0.45
2026-05-05,S3,川崎沖,35.51,139.78,17.21,17.45,17.17,17.0,0.45
2026-05-05,S4,湾中央,35.43,139.86,17.31,17.55,17.27,17.1,0.45
2026-05-05,S5,湾口（横須賀沖）,35.32,139.785,16.94,17.15,16.87,16.7,0.45
2026-05-06,S1,湾奥（東京港沖）,35.605,139.825,17.75,18.19,17.77,17.3,0.89
2026-05-06,S2,千葉沖,35.555,139.94,17.55,17.99,17.57,17.1,0.89
2026-05-06,S3,川崎沖,35.51,139.78,17.3,17.74,17.32,16.85,0.89
2026-05-06,S4,湾中央,35.43,139.86,17.4,17.84,17.42,16.95,0.89
2026-05-06,S5,湾口（横須賀沖）,35.32,139.785,17.0,17.44,17.02,16.55,0.89
2026-05-07,S1,湾奥（東京港沖）,35.605,139.825,17.95,18.71,17.94,17.21,1.5
2026-05-07,S2,千葉沖,35.555,139.94,17.75,18.51,17.74,17.01,1.5
2026-05-07,S3,川崎沖,35.51,139.78,17.5,18.26,17.49,16.76,1.5
2026-05-07,S4,湾中央,35.43,139.86,17.6,18.36,17.59,16.86,1.5
2026-05-07,S5,湾口（横須賀沖）,35.32,139.785,17.2,17.96,17.19,16.46,1.5
2026-05-08,S1,湾奥（東京港沖）,35.605,139.825,18.06,18.71,18.18,17.29,1.42
2026-05-08,S2,千葉沖,35.555,139.94,17.86,18.51,17.98,17.09,1.42
2026-05-08,S3,川崎沖,35.51,139.78,17.61,18.26,17.73,16.84,1.42
2026-05-08,S4,湾中央,35.43,139.86,17.71,18.36,17.83,16.94,1.42
2026-05-08,S5,湾口（横須賀沖）,35.32,139.785,17.31,17.96,17.43,16.54,1.42
2026-05-09,S1,湾奥（東京港沖）,35.605,139.825,18.14,18.79,18.35,17.28,1.51
2026-05-09,S2,千葉沖,35.555,139.94,17.94,18.59,18.15,17.08,1.51
2026-05-09,S3,川崎沖,35.51,139.78,17.69,18.34,17.9,16.83,1.51
2026-05-09,S4,湾中央,35.43,139.86,17.79,18.44,18.0,16.93,1.51
2026-05-09,S5,湾口（横須賀沖）,35.32,139.785,17.39,18.04,17.6,16.53,1.51
2026-05-10,S1,湾奥（東京港沖）,35.605,139.825,18.26,19.09,18.36,17.34,1.75
2026-05-10,S2,千葉沖,35.555,139.94,18.06,18.89,18.16,17.14,1.75
2026-05-10,S3,川崎沖,35.51,139.78,17.81,18.64,17.91,16.89,1.75
2026-05-10,S4,湾中央,35.43,139.86,17.91,18.74,18.01,16.99,1.75
2026-05-10,S5,湾口（横須賀沖）,35.32,139.785,17.51,18.34,17.61,16.59,1.75
2026-05-11,S1,湾奥（東京港沖）,35.605,139.825,18.37,19.32,18.53,17.25,2.07
2026-05-11,S2,千葉沖,35.555,139.94,18.17,19.12,18.33,17.05,2.07
2026-05-11,S3,川崎沖,35.51,139.78,17.92,18.87,18.08,16.8,2.07
2026-05-11,S4,湾中央,35.43,139.86,18.02,18.97,18.18,16.9,2.07
2026-05-11,S5,湾口（横須賀沖）,35.32,139.785,17.62,18.57,17.78,16.5,2.07
2026-05-12,S1,湾奥（東京港沖）,35.605,139.825,18.68,19.74,18.87,17.42,2.32
2026-05-12,S2,千葉沖,35.555,139.94,18.48,19.54,18.67,17.22,2.32
2026-05-12,S3,川崎沖,35.51,139.78,18.23,19.29,18.42,16.97,2.32
2026-05-12,S4,湾中央,35.43,139.86,18.33,19.39,18.52,17.07,2.32
2026-05-12,S5,湾口（横須賀沖）,35.32,139.785,17.93,18.99,18.12,16.67,2.32
2026-05-13,S1,湾奥（東京港沖）,35.605,139.825,18.8,20.25,18.9,17.25,3.0
2026-05-13,S2,千葉沖,35.555,139.94,18.6,20.05,18.7,17.05,3.0
2026-05-13,S3,川崎沖,35.51,139.78,18.35,19.8,18.45,16.8,3.0
2026-05-13,S4,湾中央,35.43,139.86,18.45,19.9,18.55,16.9,3.0
2026-05-13,S5,湾口（横須賀沖）,35.32,139.785,18.05,19.5,18.15,16.5,3.0
2026-05-14,S1,湾奥（東京港沖）,35.605,139.825,18.75,20.5,18.63,17.12,3.38
2026-05-14,S2,千葉沖,35.555,139.94,18.55,20.3,18.43,16.92,3.38
2026-05-14,S3,川崎沖,35.51,139.78,18.3,20.05,18.18,16.67,3.38
2026-05-14,S4,湾中央,35.43,139.86,18.4,20.15,18.28,16.77,3.38
2026-05-14,S5,湾口（横須賀沖）,35.32,139.785,18.0,19.75,17.88,16.37,3.38
2026-05-15,S1,湾奥（東京港沖）,35.605,139.825,18.52,20.16,18.58,16.81,3.35
2026-05-15,S2,千葉沖,35.555,139.94,18.32,19.96,18.38,16.61,3.35
2026-05-15,S3,川崎沖,35.51,139.78,18.07,19.71,18.13,16.36,3.35
2026-05-15,S4,湾中央,35.43,139.86,18.17,19.81,18.23,16.46,3.35
2026-05-15,S5,湾口（横須賀沖）,35.32,139.785,17.77,19.41,17.83,16.06,3.35
2026-05-16,S1,湾奥（東京港沖）,35.605,139.825,18.59,20.64,18.48,16.66,3.98
2026-05-16,S2,千葉沖,35.555,139.94,18.39,20.44,18.28,16.46,3.98
2026-05-16,S3,川崎沖,35.51,139.78,18.14,20.19,18.03,16.21,3.98
2026-05-16,S4,湾中央,35.43,139.86,18.24,20.29,18.13,16.31,3.98
2026-05-16,S5,湾口（横須賀沖）,35.32,139.785,17.84,19.89,17.73,15.91,3.98
2026-05-17,S1,湾奥（東京港沖）,35.605,139.825,18.88,21.18,18.49,16.98,4.2
2026-05-17,S2,千葉沖,35.555,139.94,18.68,20.98,18.29,16.78,4.2
2026-05-17,S3,川崎沖,35.51,139.78,18.43,20.73,18.04,16.53,4.2
2026-05-17,S4,湾中央,35.43,139.86,18.53,20.83,18.14,16.63,4.2
2026-05-17,S5,湾口（横須賀沖）,35.32,139.785,18.13,20.43,17.74,16.23,4.2
2026-05-18,S1,湾奥（東京港沖）,35.605,139.825,19.44,21.74,19.05,17.54,4.2
2026-05-18,S2,千葉沖,35.555,139.94,19.24,21.54,18.85,17.34,4.2
2026-05-18,S3,川崎沖,35.51,139.78,18.99,21.29,18.6,17.09,4.2
2026-05-18,S4,湾中央,35.43,139.86,19.09,21.39,18.7,17.19,4.2
2026-05-18,S5,湾口（横須賀沖）,35.32,139.785,18.69,20.99,18.3,16.79,4.2
2026-05-19,S1,湾奥（東京港沖）,35.605,139.825,19.72,21.03,19.89,18.24,2.79
2026-05-19,S2,千葉沖,35.555,139.94,19.52,20.83,19.69,18.04,2.79
2026-05-19,S3,川崎沖,35.51,139.78,19.27,20.58,19.44,17.79,2.79
2026-05-19,S4,湾中央,35.43,139.86,19.37,20.68,19.54,17.89,2.79
2026-05-19,S5,湾口（横須賀沖）,35.32,139.785,18.97,20.28,19.14,17.49,2.79
2026-05-20,S1,湾奥（東京港沖）,35.605,139.825,20.12,21.17,20.64,18.53,2.64
2026-05-20,S2,千葉沖,35.555,139.94,19.92,20.97,20.44,18.33,2.64
2026-05-20,S3,川崎沖,35.51,139.78,19.67,20.72,20.19,18.08,2.64
2026-05-20,S4,湾中央,35.43,139.86,19.77,20.82,20.29,18.18,2.64
2026-05-20,S5,湾口（横須賀沖）,35.32,139.785,19.37,20.42,19.89,17.78,2.64
2026-05-21,S1,湾奥（東京港沖）,35.605,139.825,20.44,21.57,20.93,18.83,2.74
2026-05-21,S2,千葉沖,35.555,139.94,20.24,21.37,20.73,18.63,2.74
2026-05-21,S3,川崎沖,35.51,139.78,19.99,21.12,20.48,18.38,2.74
2026-05-21,S4,湾中央,35.43,139.86,20.09,21.22,20.58,18.48,2.74
2026-05-21,S5,湾口（横須賀沖）,35.32,139.785,19.69,20.82,20.18,18.08,2.74
